Voltaje,Inclinacion en X,Inclinacion en Y,Longitud,Latitud,Tiempo Encendido,Velocidad Vertical,Presion Atmosferica,Temperatura,eCO2,Indice Ultravioleta,Aceleracion Angular en X,Aceleracion Angular en Y,Aceleracion Angular en Z,Altitud
335,335,764,335,764,1,764,335,764,335,764,335,764,335,764
335,335,764,335,764,404,764,335,764,335,764,335,764,335,764
335,335,764,335,764,808,764,335,764,335,764,334,764,335,764
335,335,765,335,764,1212,764,335,764,335,764,335,764,335,764
335,335,764,335,764,1616,764,335,764,335,764,335,764,334,764
335,335,764,335,764,2020,764,335,764,335,764,335,764,335,764
335,335,764,335,764,2424,764,335,764,335,764,335,764,335,764
335,335,764,335,764,2828,764,335,764,335,764,335,764,335,764
335,335,764,335,764,3231,764,335,764,335,764,335,764,335,764
335,335,764,335,764,3636,764,335,764,335,764,335,764,335,764
335,335,764,335,764,4039,764,335,764,335,765,335,764,335,764
335,335,764,335,764,4444,764,335,764,335,764,335,764,335,764
335,335,764,335,764,4847,764,335,764,335,764,335,764,335,764
335,335,764,335,764,5252,764,335,764,335,764,335,764,335,764
335,335,764,335,764,5655,764,335,764,335,764,335,764,335,764
335,335,764,335,764,6060,764,335,764,335,764,335,764,335,764
335,335,764,335,764,6463,764,335,764,335,764,335,764,335,764
335,335,764,335,764,6867,764,335,764,335,764,335,764,335,764
335,335,764,335,764,7271,764,335,764,335,764,335,764,335,764
335,335,764,335,764,7675,764,335,764,335,764,335,764,335,764
335,335,764,335,764,8079,764,335,764,335,764,335,764,335,764
335,335,764,335,764,8483,764,335,764,335,764,335,765,335,764
335,335,764,335,764,8887,764,335,764,335,764,335,764,335,764
335,335,764,335,764,9291,764,335,764,335,764,335,764,335,764
335,335,765,335,765,9695,765,335,766,335,765,335,766,335,765
336,336,763,336,763,10099,763,336,763,336,763,335,763,336,763
334,334,720,334,720,10503,720,334,719,334,719,334,718,334,718
334,334,297,334,296,10907,296,334,295,334,295,334,295,334,294
335,335,55,335,55,11311,55,335,55,335,55,335,54,335,54
334,334,29,334,29,11714,29,334,29,334,29,334,29,334,29
334,334,29,334,29,12119,29,334,29,334,29,334,29,334,29
334,334,28,334,29,12522,28,334,28,334,28,334,28,334,28
334,334,28,334,28,12925,28,334,28,334,28,334,28,334,28
334,334,28,334,28,13329,28,334,28,334,28,334,28,334,28
334,334,28,334,28,13732,28,334,28,334,28,334,28,334,28
334,334,28,334,28,14137,28,334,28,334,28,334,28,334,28
334,334,28,334,28,14540,28,334,28,334,28,334,28,334,28
334,334,28,334,28,14944,28,334,28,334,28,334,28,334,27
334,334,28,334,28,15347,28,334,28,334,28,334,28,334,28
334,334,28,334,28,15752,28,334,28,334,28,334,28,334,28
334,334,28,334,28,16155,28,334,28,334,28,334,28,334,28
334,334,28,334,28,16559,28,334,28,334,28,334,28,334,28
334,334,28,334,28,16962,28,334,28,334,28,334,28,334,28
334,334,28,334,28,17367,28,334,28,334,27,334,28,334,28
334,334,28,334,28,17770,28,334,28,334,28,334,28,334,28
334,334,28,334,28,18173,28,334,28,334,28,334,28,334,28
334,334,28,334,28,18577,28,334,28,334,28,334,28,334,28
334,334,28,334,28,18980,28,334,27,334,28,334,28,334,28
334,334,28,334,27,19385,28,334,28,334,28,334,28,334,27
334,334,27,334,28,19788,28,334,28,334,28,334,27,334,28
334,334,27,334,28,20192,28,334,28,334,28,334,28,334,27
334,334,28,334,28,20595,28,334,28,334,28,334,28,334,28
334,334,28,334,28,21000,28,334,28,334,28,334,28,334,28
334,334,27,334,28,21403,28,334,28,334,28,334,28,334,28
334,334,27,334,28,21807,28,334,28,334,28,334,28,334,28
334,334,27,334,27,22210,28,334,27,334,28,334,28,334,28
334,334,27,334,28,22615,28,334,28,334,28,334,28,334,28
334,334,27,334,28,23018,28,334,28,334,27,334,28,334,28
334,334,27,334,27,23421,27,334,28,334,28,334,28,334,28
334,334,27,334,28,23825,27,334,28,334,28,334,28,334,28
334,334,27,334,28,24228,27,334,27,334,27,334,28,334,28
334,334,28,334,27,24633,28,334,28,334,28,334,27,334,27
334,334,27,334,28,25036,27,334,28,334,28,334,28,334,28
334,334,27,334,28,25440,27,334,27,334,27,334,28,334,27
334,334,27,334,28,25843,27,334,28,334,27,334,27,334,27
334,334,28,334,27,26248,27,334,27,334,27,334,27,334,27
334,334,28,334,28,26651,27,334,27,334,27,334,27,334,27
334,334,28,334,27,27055,27,334,28,334,27,334,27,334,28
334,334,27,334,27,27458,28,334,27,334,27,334,27,334,28
334,334,28,334,27,27863,27,334,28,334,27,334,27,334,27
334,334,28,334,28,28266,28,334,27,334,28,334,27,334,28
334,334,27,334,28,28669,27,334,27,334,27,334,27,334,27
334,334,27,334,28,29073,28,334,27,334,28,334,28,334,27
334,334,27,334,27,29476,27,334,27,334,27,334,27,334,28
334,334,27,334,27,29881,27,334,27,334,28,334,27,334,27
334,334,27,334,27,30284,28,334,27,334,27,334,27,334,27
334,334,27,334,27,30688,27,334,27,334,28,334,27,334,28
334,334,27,334,27,31091,27,334,28,334,27,334,27,334,28
334,334,27,334,28,31496,27,334,28,334,28,334,27,334,27
334,334,27,334,28,31899,27,334,28,334,27,334,28,334,27
334,334,27,334,28,32303,27,334,27,334,28,334,27,334,27
334,334,27,334,27,32706,28,334,27,334,27,334,27,334,27
334,334,27,334,27,33111,28,334,27,334,27,334,28,334,27
334,334,27,334,28,33514,28,334,28,334,28,334,28,334,27
334,334,28,334,28,33917,27,334,27,334,27,334,27,334,27
334,334,27,334,28,34321,27,334,28,334,27,334,27,334,28
334,334,27,334,27,34725,27,334,28,334,27,334,27,334,28
334,334,27,334,27,35129,27,334,27,334,27,334,27,334,28
334,334,27,334,27,35532,27,334,27,334,27,334,28,334,27
334,334,28,334,28,35936,28,334,28,334,27,334,27,334,27
334,334,27,334,27,36339,27,334,27,334,27,334,28,334,27
334,334,27,334,27,36744,27,334,27,334,27,334,27,334,27
334,334,27,334,27,37147,27,334,28,334,27,334,27,334,27
334,334,27,334,27,37551,27,334,28,334,27,334,27,334,27
334,334,27,334,27,37954,27,334,27,334,27,334,27,334,28
334,334,27,334,27,38359,28,334,27,334,27,334,27,334,27
334,334,27,334,27,38762,27,334,27,334,27,334,27,334,27
334,334,27,334,27,39165,27,334,28,334,27,334,27,334,27
334,334,27,334,27,39569,27,334,27,334,27,334,27,334,27
334,334,27,334,27,39973,27,334,27,334,27,334,27,334,27
334,334,27,334,27,40377,27,334,27,334,27,334,27,334,27
334,334,27,334,27,40780,28,334,27,334,27,334,28,334,27
334,334,27,334,28,41184,27,334,27,334,27,334,27,334,27
334,334,27,334,27,1,27,334,27,334,27,334,27,334,27
334,334,27,334,27,404,27,334,27,334,27,334,27,334,27
334,334,27,334,27,807,27,334,27,334,27,334,27,334,27
334,334,27,334,27,1211,27,334,27,334,27,334,27,334,27
334,334,27,334,27,1614,27,334,27,334,27,334,27,334,27
334,334,27,334,27,2019,27,334,27,334,27,334,27,334,27
334,334,27,334,27,2422,27,334,27,334,27,334,27,334,27
334,334,27,334,27,2826,27,334,27,334,27,334,27,334,27
334,334,27,334,27,3229,27,334,27,334,27,334,27,334,27
334,334,27,334,27,3633,27,334,27,334,27,334,27,334,27
334,334,27,334,27,4036,27,334,27,334,27,334,27,334,27
334,334,27,334,27,4441,27,334,27,334,27,334,28,334,27
334,334,27,334,27,4844,27,334,27,334,27,334,27,334,27
334,334,27,334,27,5248,27,334,27,334,27,334,27,334,27
334,334,27,334,27,5651,27,334,27,334,27,334,27,334,27
334,334,27,334,27,6054,27,334,27,334,27,334,27,334,27
334,334,27,334,27,6459,27,334,27,334,27,334,27,334,27
334,334,27,334,27,6862,27,334,27,334,27,334,27,334,27
334,334,27,334,27,7266,27,334,27,334,27,334,27,334,27
334,334,27,334,27,7669,27,334,27,334,27,334,27,334,27
334,334,27,334,27,8073,27,334,27,334,27,334,27,334,27
334,334,27,334,27,8476,27,334,27,334,27,334,27,334,27
334,334,27,334,27,8881,27,334,27,334,27,334,27,334,27
334,334,27,334,27,9284,27,334,27,334,27,334,27,334,27
334,334,27,334,27,9688,27,334,27,334,27,334,27,334,27
334,334,27,334,27,10091,27,334,27,334,27,334,27,334,27
334,334,27,334,27,10494,27,334,27,334,27,334,27,334,27
334,334,27,334,27,10899,27,334,27,334,27,334,27,334,27
334,334,27,334,27,11302,27,334,27,334,27,334,27,334,27
334,334,27,334,27,11706,27,334,27,334,27,334,27,334,27
334,334,27,334,27,12109,27,334,27,334,27,334,27,334,27
334,334,27,334,27,12514,27,334,27,334,27,334,27,334,27
334,334,27,334,27,12917,27,334,27,334,27,334,27,334,27
334,334,27,334,27,13321,27,334,27,334,27,334,27,334,27
334,334,27,334,27,13724,27,334,27,334,27,334,27,334,27
334,334,27,334,27,14129,27,334,27,334,27,334,27,334,27
334,334,27,334,27,14532,27,334,27,334,27,334,27,334,27
334,334,27,334,27,14936,27,334,27,334,27,334,27,334,27
334,334,27,334,27,15339,27,334,27,334,27,334,27,334,27
334,334,27,334,27,15742,27,334,27,334,27,334,27,334,27
334,334,27,334,27,16147,27,334,27,334,27,334,27,334,27
334,334,27,334,27,16550,27,334,27,334,27,334,27,334,27
334,334,27,334,27,16954,27,334,27,334,27,334,27,334,27
334,334,27,334,27,17357,27,334,27,334,27,334,27,334,27
334,334,27,334,27,17762,27,334,27,334,27,334,27,334,27
334,334,27,334,27,18165,27,334,27,334,27,334,27,334,27
334,334,27,334,27,18569,27,334,27,334,27,334,27,334,27
334,334,27,334,27,18972,27,334,27,334,27,334,27,334,27
334,334,27,334,27,19377,27,334,27,334,27,334,27,334,27
334,334,27,334,27,19780,27,334,27,334,27,334,27,334,27
334,334,27,334,27,20184,27,334,27,334,27,334,27,334,27
334,334,27,334,27,20587,27,334,27,334,27,334,27,334,27
334,334,27,334,27,20992,27,334,27,334,27,334,27,334,27
334,334,27,334,27,21395,27,334,27,334,27,334,27,334,27
334,334,27,334,27,21798,27,334,27,334,27,334,27,334,27
334,334,27,334,27,22202,27,334,27,334,27,334,27,334,27
334,334,27,334,27,22605,27,334,27,334,27,334,27,334,27
334,334,27,334,27,23010,27,334,27,334,27,334,27,334,27
334,334,27,334,27,23413,27,334,27,334,27,334,27,334,27
334,334,27,334,27,23817,27,334,27,334,27,334,27,334,27
334,334,27,334,27,24220,27,334,27,334,27,334,27,334,27
334,334,27,334,27,24625,27,334,27,334,27,334,27,334,27
334,334,27,334,27,25028,27,334,27,334,27,334,27,334,27
334,334,27,334,27,25432,27,334,27,334,27,334,27,334,27
334,334,27,334,27,25835,27,334,27,334,27,334,27,334,27
334,334,27,334,27,26240,27,334,27,334,27,334,27,334,27
334,334,27,334,27,26643,27,334,27,334,27,334,27,334,27
334,334,27,334,27,27046,27,334,27,334,27,334,27,334,27
334,334,27,334,27,27450,27,334,27,334,27,334,27,334,27
334,334,27,334,27,27853,27,334,27,334,27,334,27,334,27
334,334,27,334,27,28258,27,334,27,334,27,334,27,334,27
334,334,27,334,27,28661,27,334,27,334,27,334,27,334,27
334,334,27,334,27,29065,27,334,27,334,27,334,27,334,27
334,334,27,334,27,29468,27,334,27,334,27,334,27,334,27
334,334,27,334,27,29873,27,334,27,334,27,334,27,334,27
334,334,27,334,27,30276,27,334,27,334,27,334,27,334,27
334,334,27,334,27,30680,27,334,27,334,27,334,27,334,27
334,334,27,334,27,31083,27,334,27,334,27,334,27,334,27
334,334,27,334,27,31488,27,334,27,334,27,334,27,334,27
334,334,27,334,27,31891,27,334,27,334,27,334,27,334,27
334,334,27,334,27,32294,27,334,27,334,27,334,27,334,27
334,334,27,334,27,32698,27,334,27,334,27,334,27,334,27
334,334,27,334,27,33102,27,334,27,334,27,334,27,334,27
334,334,27,334,27,33506,27,334,27,334,27,334,27,334,27
334,334,27,334,27,33909,27,334,27,334,27,334,27,334,27
334,334,27,334,27,34313,27,334,27,334,27,334,27,334,27
334,334,27,334,27,34716,27,334,27,334,27,334,27,334,27
334,334,27,334,27,35121,27,334,27,334,27,334,27,334,27
334,334,27,334,27,35524,27,334,27,334,27,334,27,334,27
334,334,27,334,27,35928,27,334,27,334,27,334,27,334,27
334,334,27,334,27,36331,27,334,27,334,27,334,27,334,27
334,334,27,334,27,36736,27,334,27,334,27,334,27,334,27
334,334,27,334,27,37139,27,334,27,334,27,334,27,334,27
334,334,27,334,27,37542,27,334,27,334,27,334,27,334,27
334,334,27,334,27,37946,27,334,27,334,27,334,27,334,27
334,334,27,334,27,38350,27,334,27,334,26,334,27,334,27
334,334,27,334,27,38754,27,334,27,334,27,334,27,334,27
334,334,27,334,27,39157,27,334,27,334,27,334,27,334,27
334,334,27,334,27,39561,27,334,27,334,27,334,27,334,27
334,334,27,334,27,39964,27,334,27,334,27,334,27,334,27
334,334,27,334,27,40369,27,334,27,334,27,334,27,334,27
334,334,27,334,27,40772,27,334,27,334,27,334,27,334,27
334,334,27,334,27,41176,27,334,27,334,27,334,27,334,27
334,334,27,334,27,41579,27,334,27,334,27,334,27,334,27
334,334,27,334,27,41984,27,334,27,334,27,334,27,334,27
334,334,27,334,27,42387,27,334,27,334,27,334,27,334,27
334,334,27,334,27,42790,27,334,27,334,27,334,27,334,27
334,334,27,334,27,43194,27,334,27,334,27,334,27,334,27
334,334,27,334,27,43598,27,334,27,334,27,334,27,334,27
334,334,27,334,27,44002,27,334,27,334,27,334,27,334,27
334,334,27,334,27,44405,27,334,27,334,27,334,27,334,27
334,334,27,334,27,44809,27,334,27,334,27,334,27,334,27
334,334,27,334,27,45212,27,334,27,334,27,334,27,334,27
334,334,27,334,27,45617,27,334,27,334,27,334,27,334,27
334,334,27,334,27,46020,27,334,27,334,27,334,27,334,27
334,334,27,334,27,46424,27,334,27,334,27,334,27,334,27
334,334,27,334,27,46827,27,334,27,334,27,334,27,334,27
334,334,27,334,27,47232,27,334,27,334,27,334,27,334,27
334,334,27,334,27,47635,27,334,27,334,27,334,27,334,27
334,334,27,334,27,48038,27,334,27,334,27,334,27,334,27
334,334,27,334,27,48442,27,334,27,334,27,334,27,334,27
334,334,27,334,27,48846,27,334,27,334,27,334,27,334,27
334,334,27,334,27,49250,27,334,27,334,27,334,27,334,27
334,334,27,334,27,49653,27,334,27,334,27,334,27,334,27
334,334,27,334,27,50057,27,334,27,334,27,334,27,334,27
334,334,27,334,27,50460,27,334,27,334,27,334,27,334,27
334,334,27,334,27,50865,27,334,27,334,27,334,27,334,27
334,334,27,334,27,51268,27,334,27,334,27,334,27,334,27
334,334,27,334,27,51672,27,334,27,334,27,334,27,334,27
334,334,27,334,27,52075,27,334,27,334,27,334,27,334,27
334,334,27,334,27,52480,27,334,27,334,27,334,27,334,27
334,334,27,334,27,52883,27,334,27,334,27,334,27,334,27
334,334,27,334,27,53286,27,334,27,334,27,334,27,334,27
334,334,27,334,27,53690,27,334,27,334,27,334,27,334,27
334,334,27,334,27,54094,27,334,27,334,27,334,27,334,27
334,334,27,334,27,54498,27,334,27,334,27,334,27,334,27
334,334,27,334,27,54901,27,334,27,334,27,334,27,334,27
334,334,27,334,27,55305,27,334,27,334,27,334,27,334,27
334,334,27,334,27,55708,27,334,27,334,27,334,27,334,27
334,334,27,334,27,56113,27,334,27,334,27,334,27,334,27
334,334,27,334,27,56516,27,334,27,334,27,334,27,334,27
334,334,27,334,27,56920,27,334,27,334,27,334,27,334,27
334,334,27,334,27,57323,27,334,27,334,27,334,27,334,27
334,334,27,334,27,57728,27,334,27,334,27,334,27,334,27
334,334,27,334,27,58131,27,334,27,334,27,334,27,334,27
334,334,27,334,27,58534,27,334,27,334,27,334,27,334,27
334,334,27,334,27,58938,27,334,27,334,27,334,27,334,27
334,334,27,334,27,59342,27,334,27,334,27,334,27,334,27
334,334,27,334,27,59746,27,334,27,334,27,334,27,334,27
334,334,27,334,27,60149,27,334,27,334,27,334,27,334,27
334,334,27,334,27,60553,27,334,27,334,27,334,27,334,27
334,334,27,334,27,60956,27,334,27,334,27,334,27,334,27
334,334,27,334,27,61361,27,334,27,334,27,334,27,334,27
334,334,27,334,27,61764,27,334,27,334,27,334,27,334,27
334,334,27,334,27,62168,27,334,27,334,27,334,27,334,27
334,334,27,334,27,62571,27,334,27,334,27,334,27,334,27
334,334,27,334,27,62976,27,334,27,334,27,334,27,334,27
334,334,27,334,27,63379,27,334,27,334,27,334,27,334,27
334,334,27,334,27,63782,27,334,27,334,27,334,27,334,27
334,334,27,334,27,64186,27,334,27,334,27,334,27,334,27
334,334,27,334,27,64590,27,334,27,334,27,334,27,334,27
334,334,27,334,27,64994,27,334,27,334,27,334,27,334,27
334,334,27,334,27,65397,27,334,27,334,27,334,27,334,27
334,334,27,334,27,65801,27,334,27,334,27,334,27,334,27
334,334,27,334,27,66204,27,334,27,334,27,334,27,334,27
334,334,27,334,27,66609,27,334,27,334,27,334,27,334,27
334,334,27,334,27,67012,27,334,26,334,27,334,27,334,27
334,334,27,334,27,67416,27,334,27,334,27,334,27,334,27
334,334,27,334,27,67819,27,334,27,334,27,334,27,334,27
334,334,27,334,27,68224,27,334,27,334,27,334,27,334,27
334,334,26,334,27,68627,27,334,27,334,27,334,27,334,27
334,334,26,334,27,69030,27,334,27,334,27,334,27,334,27
334,334,27,334,27,69434,27,334,27,334,27,334,27,334,27
334,334,27,334,27,69838,27,334,27,334,27,334,27,334,27
334,334,27,334,27,70242,27,334,27,334,27,334,27,334,27
334,334,27,334,27,70645,27,334,27,334,27,334,27,334,27
334,334,27,334,27,71049,27,334,27,334,27,334,27,334,27
334,334,27,334,27,71453,27,334,27,334,27,334,27,334,27
334,334,27,334,27,71857,27,334,27,334,27,334,27,334,27
334,334,27,334,27,72260,27,334,26,334,27,334,27,334,27
334,334,27,334,27,72664,27,334,27,334,27,334,27,334,27
334,334,27,334,27,73067,27,334,27,334,27,334,27,334,27
334,334,27,334,27,73472,27,334,27,334,27,334,27,334,27
334,334,27,334,27,73875,27,334,27,334,27,334,27,334,27
334,334,26,334,27,74278,27,334,27,334,27,334,27,334,27
334,334,27,334,27,74682,27,334,27,334,27,334,27,334,27
334,334,27,334,27,75086,27,334,27,334,27,334,26,334,27
334,334,27,334,27,75490,27,334,27,334,27,334,27,334,27
334,334,27,334,27,75893,27,334,27,334,27,334,27,334,27
334,334,27,334,27,76297,27,334,27,334,27,334,27,334,27
334,334,27,334,27,76701,27,334,27,334,27,334,27,334,27
334,334,27,334,27,77105,27,334,27,334,27,334,27,334,27
334,334,27,334,27,77508,27,334,27,334,27,334,27,334,27
334,334,27,334,27,77912,27,334,27,334,27,334,27,334,27
334,334,27,334,27,78315,27,334,27,334,27,334,27,334,27
334,334,26,334,27,78720,27,334,27,334,27,334,27,334,27
334,334,27,334,27,79123,27,334,27,334,27,334,27,334,27
334,334,27,334,27,79526,27,334,27,334,27,334,27,334,27
334,334,27,334,27,79930,27,334,27,334,27,334,27,334,27
334,334,27,334,27,80334,27,334,27,334,27,334,27,334,27
334,334,27,334,27,80738,27,334,27,334,27,334,27,334,27
334,334,27,334,27,81141,27,334,27,334,27,334,27,334,27
334,334,27,334,27,81545,27,334,27,334,27,334,27,334,27
334,334,27,334,27,81949,27,334,27,334,27,334,27,334,27
334,334,27,334,27,82353,27,334,27,334,27,334,27,334,27
334,334,27,334,27,82756,27,334,27,334,27,334,27,334,27
334,334,26,334,27,83160,27,334,27,334,27,334,27,334,27
334,334,27,334,27,83563,27,334,27,334,27,334,27,334,27
334,334,27,334,27,83968,27,334,27,334,27,334,27,334,27
334,334,27,334,27,84371,26,334,27,334,27,334,27,334,27
334,334,27,334,27,84774,26,334,27,334,27,334,26,334,27
334,334,27,334,27,85178,27,334,27,334,27,334,27,334,27
334,334,27,334,27,85582,27,334,27,334,27,334,27,334,27
334,334,27,334,27,85986,27,334,27,334,27,334,27,334,27
334,334,27,334,27,86389,26,334,27,334,27,334,27,334,27
334,334,27,334,27,86793,27,334,27,334,27,334,27,334,27
334,334,26,334,27,87197,27,334,27,334,27,334,26,334,27
334,334,26,334,27,87601,27,334,27,334,27,334,27,334,27
334,334,26,334,27,88004,27,334,27,334,27,334,27,334,27
334,334,26,334,27,88408,27,334,27,334,27,334,26,334,27
334,334,27,334,27,88812,27,334,27,334,27,334,27,334,27
334,334,27,334,27,89216,27,334,27,334,27,334,27,334,27
334,334,26,334,27,89619,27,334,27,334,27,334,27,334,27
334,334,26,334,27,90022,27,334,27,334,27,334,27,334,27
334,334,27,334,27,90426,27,334,27,334,27,334,27,334,27
334,334,27,334,27,90830,27,334,27,334,27,334,27,334,27
334,334,27,334,27,91234,27,334,27,334,27,334,27,334,27
334,334,27,334,27,91637,27,334,27,334,27,334,27,334,27
334,334,27,334,27,92041,27,334,27,334,27,334,27,334,27
334,334,27,334,27,92445,27,334,27,334,27,334,27,334,27
334,334,27,334,27,92849,27,334,27,334,27,334,27,334,27
334,334,27,334,27,93252,27,334,27,334,27,334,27,334,27
334,334,27,334,27,93656,27,334,27,334,27,334,27,334,27
334,334,26,334,27,94060,26,334,27,334,27,334,27,334,26
334,334,26,334,27,94464,27,334,27,334,26,334,27,334,27
334,334,26,334,27,94867,27,334,27,334,27,334,27,334,27
334,334,26,334,27,95270,27,334,27,334,27,334,27,334,26
334,334,27,334,27,95674,27,334,26,334,27,334,27,334,27
334,334,27,334,27,96078,27,334,27,334,27,334,27,334,27
334,334,27,334,27,96482,27,334,27,334,27,334,27,334,27
334,334,27,334,27,96885,27,334,27,334,27,334,27,334,26
334,334,27,334,27,97289,27,334,27,334,27,334,27,334,27
334,334,27,334,27,97693,26,334,27,334,27,334,27,334,27
334,334,26,334,27,98097,27,334,27,334,27,334,27,334,27
334,334,26,334,26,98500,27,334,27,334,27,334,27,334,27
334,334,27,334,27,98904,27,334,27,334,27,334,27,334,27
334,334,27,334,27,99308,27,334,27,334,27,334,27,334,27
334,334,27,334,27,99712,27,334,27,334,27,334,27,334,27
334,334,26,334,27,100115,26,334,27,334,27,334,27,334,27
334,334,26,334,27,100518,26,334,27,334,27,334,27,334,27
334,334,26,334,27,100923,27,334,27,334,27,334,27,334,27
334,334,27,334,26,101326,27,334,26,334,27,334,26,334,27
334,334,27,334,27,101730,26,334,27,334,27,334,27,334,27
334,334,26,334,27,102133,27,334,27,334,27,334,27,334,27
334,334,26,334,27,102538,27,334,27,334,27,334,27,334,27
334,334,26,334,27,102941,27,334,26,334,27,334,27,334,27
334,334,26,334,27,103345,27,334,27,334,27,334,27,334,27
334,334,26,334,27,103748,27,334,27,334,27,334,27,334,27
334,334,26,334,27,104153,27,334,27,334,27,334,27,334,27
334,334,26,334,27,104556,26,334,27,334,26,334,27,334,27
334,334,26,334,27,104960,26,334,27,334,27,334,26,334,27
334,334,27,334,26,105364,27,334,27,334,26,334,26,334,27
334,334,27,334,27,105767,27,334,27,334,27,334,26,334,27
334,334,26,334,27,106171,26,334,27,334,27,334,27,334,26
334,334,26,334,27,106574,27,334,26,334,27,334,27,334,27
334,334,26,334,27,106979,26,334,27,334,27,334,26,334,26
334,334,26,335,27,107382,26,334,27,334,26,334,27,334,27
334,334,26,334,26,107786,27,334,26,334,27,334,26,334,26
334,334,26,334,26,108189,27,334,26,334,27,334,27,334,27
334,334,26,334,26,108594,27,334,27,334,27,334,27,334,27
334,334,26,334,27,108997,26,334,26,334,27,334,27,334,27
334,334,26,334,26,109401,26,334,27,334,27,334,26,334,27
334,334,26,334,26,109804,27,334,27,334,27,334,27,334,27
334,334,27,334,26,110209,26,334,27,334,27,334,26,334,27
334,334,26,334,26,110612,26,334,26,334,27,334,26,334,27
334,334,26,334,26,111015,27,334,26,334,27,334,27,334,27
334,334,26,334,27,111420,27,334,27,334,27,334,27,334,27
334,334,26,334,26,111823,27,334,26,334,27,334,27,334,27
334,334,26,334,27,112227,26,334,27,334,26,334,27,334,27
334,334,27,334,27,112630,27,334,26,334,26,334,27,334,27
334,334,26,334,27,113035,26,334,27,334,26,334,26,334,26
334,334,26,334,27,113438,26,334,26,334,27,334,27,334,26
334,334,26,334,27,113842,27,334,26,334,26,334,26,334,26
334,334,26,334,26,114245,27,334,26,334,27,334,27,334,27
334,334,26,334,27,114650,26,334,27,334,26,334,26,334,26
334,334,26,334,26,115053,26,334,26,334,27,334,27,334,27
334,334,26,334,26,115457,27,334,26,334,26,334,26,334,27
334,334,26,334,27,115860,27,334,27,334,26,334,27,334,26
334,334,26,334,27,116264,26,334,27,334,26,334,26,334,27
334,334,26,334,27,116668,27,334,27,334,26,334,26,334,26
334,334,26,334,26,117071,26,334,26,334,26,334,26,334,26
334,334,27,334,27,117476,26,334,27,334,26,334,27,334,27
334,334,26,334,26,117879,26,334,26,334,26,334,27,334,26
334,334,26,334,26,118283,26,334,27,334,27,334,27,334,26
334,334,26,334,27,118686,27,334,27,334,26,334,27,334,26
334,334,26,334,26,119091,26,334,27,334,26,334,26,334,26
334,334,27,334,27,119494,27,334,26,334,27,334,27,334,27
334,334,26,334,26,119898,26,334,27,334,26,334,27,334,26
334,334,26,334,27,120301,26,334,27,334,26,334,26,334,27
334,334,26,334,27,120706,26,334,27,334,26,334,26,334,26
334,334,26,334,26,121109,27,334,26,334,27,334,26,334,26
334,334,26,334,27,121512,27,334,27,334,27,334,26,334,26
334,334,26,334,27,121916,26,334,27,334,27,334,27,334,26
334,334,26,334,26,122320,26,334,26,334,27,334,27,334,27
334,334,26,334,26,122724,26,334,26,334,26,334,26,334,27
334,334,26,334,27,123127,27,334,26,334,27,334,27,334,27
334,334,26,334,26,123532,26,334,27,334,26,334,27,334,26
334,334,26,334,26,123935,27,334,26,334,26,334,26,334,27
334,334,26,334,27,124339,26,334,27,334,26,334,27,334,26
334,334,27,334,26,124742,26,334,26,334,26,334,26,334,27
334,334,26,334,26,125147,26,334,27,334,26,334,26,334,27
334,334,26,334,26,125550,27,334,26,334,26,334,26,334,27
334,334,26,334,26,125954,26,334,27,334,26,334,27,334,26
334,334,26,334,27,126357,26,334,27,334,26,334,26,334,27
334,334,26,334,26,126761,26,334,27,334,27,334,26,334,26
334,334,26,334,27,127165,27,334,27,334,27,334,27,334,26
334,334,26,334,26,127568,26,334,27,334,26,334,26,334,27
334,334,26,334,27,127972,27,334,26,334,27,334,26,334,27
334,334,26,334,26,128376,27,334,26,334,27,334,26,334,26
334,334,26,334,26,128780,27,334,26,334,26,334,26,334,26
334,334,26,334,27,129183,26,334,26,334,27,334,26,334,27
334,334,26,334,27,129588,27,334,27,334,26,334,26,334,26
334,334,26,334,27,129991,26,334,26,334,27,334,27,334,27
334,334,26,334,26,130395,26,334,27,334,26,334,26,334,26
334,334,26,334,27,130798,26,334,27,334,26,334,27,334,27
334,334,26,334,26,131203,26,334,27,334,27,334,26,334,26
334,334,26,334,27,131606,26,334,26,334,27,334,26,334,27
334,334,26,334,27,132009,26,334,27,334,27,334,26,334,27
334,334,26,334,26,132413,27,334,26,334,26,334,27,334,26
334,334,26,334,27,132817,26,334,27,334,26,334,26,334,26
334,334,26,334,27,133221,26,334,26,334,26,334,26,334,26
334,334,26,334,27,133624,26,334,27,334,26,334,26,334,27
334,334,26,334,26,134028,27,334,26,334,27,334,27,334,26
334,334,26,334,26,134432,26,334,27,334,27,334,26,334,27
334,334,26,334,27,134836,26,334,27,334,27,334,26,334,27
334,334,26,334,26,135239,27,334,27,334,26,334,26,334,26
334,334,26,334,27,135644,26,334,26,334,27,334,26,334,26
334,334,26,334,27,136047,26,334,27,334,26,334,26,334,26
334,334,26,334,26,136451,26,334,27,334,26,334,26,334,26
334,334,26,334,26,136854,26,334,26,334,26,334,26,334,26
334,334,26,334,26,137259,26,334,27,334,26,334,27,334,26
334,334,26,334,27,137662,26,334,26,334,26,334,27,334,26
334,334,26,334,27,138065,26,334,26,334,26,334,26,334,26
334,334,26,334,26,138469,26,334,26,334,27,334,26,334,26
334,334,26,334,26,138873,26,334,26,334,27,334,26,334,26
334,334,26,334,26,139277,27,334,27,334,26,334,26,334,26
334,334,26,334,26,139680,26,334,26,334,26,334,26,334,26
334,334,26,334,26,140084,26,334,26,334,26,334,26,334,26
334,334,26,334,27,140488,26,334,26,334,27,334,26,334,27
334,334,26,334,26,140892,26,334,26,334,26,334,26,334,26
334,334,26,334,26,141295,26,334,27,334,26,334,27,334,26
334,334,26,334,26,141700,26,334,26,334,26,334,26,334,27
334,334,26,334,26,142103,26,334,27,334,26,334,27,334,26
334,334,26,334,26,142507,27,334,26,334,27,334,26,334,26
334,334,26,334,27,142910,26,334,26,334,26,334,26,334,26
334,334,26,334,26,143314,26,334,26,334,26,334,26,334,26
334,334,26,334,27,143718,27,334,26,334,26,334,26,334,26
334,334,26,334,26,144121,26,334,26,334,26,334,27,334,26
334,334,26,334,26,144525,26,334,26,334,26,334,27,334,27
334,334,26,334,26,144929,27,334,26,334,26,334,26,334,26
334,334,26,334,26,145333,26,334,27,334,26,334,26,334,26
334,334,26,334,26,145736,26,334,26,334,26,334,27,334,26
334,334,26,334,27,146140,26,334,27,334,26,334,26,334,27
334,334,26,334,26,146544,27,334,27,334,26,334,27,334,26
334,334,26,334,27,146948,26,334,26,334,26,334,27,334,26
334,334,26,334,26,147351,26,334,26,334,26,334,27,334,27
334,334,26,334,26,147756,26,334,27,334,26,334,26,334,27
334,334,26,334,26,148159,26,334,27,334,26,334,26,334,26
334,334,26,334,26,148562,26,334,26,334,26,334,26,334,27
334,334,26,334,26,148966,26,334,26,334,26,334,26,334,26
334,334,26,334,27,149370,26,334,26,334,26,334,26,334,26
334,334,26,334,26,149774,26,334,26,334,27,334,27,334,26
334,334,26,334,26,150177,26,334,27,334,26,334,26,334,26
334,334,26,334,26,150581,27,334,26,334,27,334,26,334,26
334,334,26,334,26,150985,26,334,26,334,26,334,26,334,27
334,334,26,334,26,151389,26,334,26,334,26,334,26,334,26
334,334,26,334,26,151792,26,334,26,334,26,334,26,334,26
334,334,26,334,27,152197,26,334,26,334,26,334,26,334,26
334,334,26,334,27,152600,26,334,27,334,26,334,26,334,26
334,334,26,334,26,153004,26,334,26,334,26,334,26,334,26
334,334,26,334,26,153407,27,334,26,334,26,334,27,334,26
334,334,26,334,26,153811,26,334,26,334,26,334,26,334,27
334,334,26,334,27,154215,26,334,26,334,26,334,26,334,26
334,334,26,334,26,154618,26,334,26,334,26,334,27,334,26
334,334,26,334,27,155022,26,334,27,334,26,334,26,334,26
334,334,26,334,27,155426,26,334,26,334,26,334,26,334,26
334,334,26,334,26,155830,26,334,26,334,26,334,26,334,26
334,334,26,334,26,156233,26,334,27,334,26,334,26,334,26
334,334,26,334,26,156637,26,334,26,334,27,334,26,334,26
334,334,26,334,26,157041,26,334,26,334,27,334,26,334,26
334,334,26,334,26,157445,26,334,27,334,26,334,27,334,26
334,334,26,334,27,157848,26,334,27,334,26,334,26,334,26
334,334,26,334,27,158253,26,334,26,334,26,334,26,334,26
334,334,26,334,26,158656,27,334,26,334,26,334,26,334,26
334,334,26,334,26,159059,27,334,26,334,26,334,26,334,26
334,334,26,334,26,159463,26,334,26,334,27,334,26,334,26
334,334,26,334,26,159867,27,334,26,334,27,334,26,334,26
334,334,26,334,26,160271,26,334,26,334,26,334,26,334,26
334,334,26,334,26,160674,26,334,26,334,26,334,26,334,26
334,334,26,334,26,161078,26,334,26,334,26,334,26,334,27
334,334,26,334,26,161482,26,334,26,334,26,334,26,334,27
334,334,26,334,26,161886,27,334,26,334,27,334,26,334,26
334,334,26,334,26,162289,26,334,26,334,27,334,26,334,26
334,334,26,334,26,162693,27,334,26,334,26,334,26,334,26
334,334,26,334,26,163097,26,334,26,334,26,334,26,334,26
334,334,26,334,26,163501,26,334,26,334,26,334,26,334,27
334,334,26,334,26,163904,26,334,26,334,26,334,26,334,26
334,334,26,334,27,164308,26,334,26,334,27,334,26,334,26
334,334,26,334,26,164712,27,334,26,334,27,334,26,334,27
334,334,26,334,26,165115,26,334,26,334,26,334,26,334,27
334,334,26,334,26,165519,26,334,26,334,26,334,26,334,26
334,334,26,334,27,165923,26,334,26,334,26,334,26,334,26
334,334,26,334,26,166327,26,334,26,334,26,334,26,334,26
334,334,26,334,26,166730,26,334,26,334,26,334,26,334,26
334,334,26,334,26,167134,26,334,26,334,26,334,26,334,26
334,334,26,334,26,167538,27,334,26,334,26,334,26,334,26
334,334,26,334,26,167942,26,334,26,334,26,334,26,334,26
334,334,26,334,26,168345,26,334,26,334,26,334,26,334,26
334,334,26,334,26,168749,26,334,26,334,26,334,26,334,26
334,334,26,334,26,169153,26,334,26,334,26,334,26,334,26
334,334,26,334,26,169556,26,334,26,334,26,334,26,334,27
334,334,26,334,26,169960,27,334,26,334,26,334,27,334,26
334,334,26,334,26,170364,26,334,26,334,26,334,26,334,26
334,334,26,334,26,170768,26,334,26,334,27,334,26,334,26
334,334,26,334,26,171171,26,334,26,334,26,334,26,334,27
334,334,26,334,26,171575,26,334,26,334,26,334,26,334,26
334,334,26,334,26,171979,26,334,26,334,26,334,26,334,26
334,334,26,334,26,172383,26,334,26,334,26,334,26,334,26
334,334,26,334,26,172786,26,334,26,334,26,334,26,334,26
334,334,26,334,26,173190,26,334,26,334,26,334,26,334,26
334,334,26,334,27,173594,26,334,26,334,26,334,26,334,26
334,334,26,334,26,173998,26,334,26,334,27,334,26,334,27
334,334,26,334,26,174401,26,334,26,334,26,334,27,334,26
334,334,26,334,26,174804,26,334,26,334,26,334,26,334,26
334,334,26,334,26,175209,26,334,26,334,26,334,26,334,26
334,334,26,334,26,175612,26,334,26,334,27,334,26,334,26
334,334,26,334,26,176016,26,334,26,334,26,334,27,334,26
334,334,26,334,26,176420,26,334,26,334,27,334,26,334,26
334,334,26,334,26,176824,26,334,27,334,26,334,26,334,26
334,334,26,334,26,177227,26,334,26,334,26,334,26,334,26
334,334,26,334,26,177631,27,334,26,334,26,334,26,334,26
334,334,26,334,26,178035,26,334,26,334,26,334,26,334,26
334,334,26,334,26,178439,26,334,26,334,26,334,26,334,26
334,334,26,334,26,178842,26,334,26,334,26,334,26,334,26
334,334,26,334,26,179246,27,334,26,334,26,334,26,334,26
334,334,26,334,26,179650,26,334,26,334,26,334,27,334,26
334,334,26,334,26,180054,26,334,26,334,26,334,27,334,26
334,334,26,334,26,180457,26,334,26,334,26,334,26,334,26
334,334,26,334,26,180861,26,334,26,334,26,334,26,334,26
334,334,26,334,26,181265,26,334,26,334,26,334,26,334,26
334,334,26,334,26,181668,26,334,26,334,26,334,26,334,26
334,334,26,334,26,182072,26,334,26,334,26,334,26,334,26
334,334,26,334,26,182476,26,334,26,334,26,334,26,334,26
334,334,26,334,27,182880,26,334,26,334,26,334,26,334,26
334,334,26,334,26,183283,27,334,26,334,26,334,26,334,26
334,334,26,334,26,183687,26,334,26,334,26,334,26,334,26
334,334,26,334,26,184091,26,334,26,334,26,334,26,334,26
334,334,26,334,26,184495,26,334,26,334,26,334,27,334,26
334,334,26,334,26,184898,26,334,26,334,26,334,26,334,26
334,334,26,334,27,185302,27,334,26,334,27,334,26,334,26
334,334,26,334,26,185706,26,334,26,334,26,334,26,334,26
334,334,26,334,27,186109,26,334,26,334,26,334,26,334,26
334,334,26,334,26,186513,26,334,26,334,26,334,26,334,26
334,334,26,334,26,186917,26,334,26,334,26,334,26,334,26
334,334,26,334,26,187321,26,334,26,334,26,334,26,334,26
334,334,26,334,26,187724,26,334,26,334,26,334,26,334,26
334,334,26,334,26,188128,26,334,26,334,26,334,26,334,26
334,334,26,334,26,188532,26,334,26,334,26,334,26,334,26
334,334,26,334,26,188936,26,334,26,334,27,334,26,334,26
334,334,26,334,26,189339,26,334,26,334,26,334,26,334,26
334,334,26,334,26,189743,26,334,26,334,26,334,26,334,26
334,334,26,334,26,190147,26,334,26,334,26,334,26,334,26
334,334,26,334,26,190551,26,334,26,334,26,334,26,334,26
334,334,26,334,26,190954,26,334,26,334,26,334,27,334,26
334,334,26,334,26,191357,26,334,26,334,26,334,26,334,26
334,334,26,334,26,191762,26,334,26,334,26,334,26,334,26
334,334,26,334,26,192165,26,334,26,334,26,334,26,334,26
334,334,26,334,26,192569,26,334,26,334,26,334,26,334,26
334,334,26,334,26,192973,26,334,26,334,26,334,26,334,26
334,334,26,334,27,193377,26,334,26,334,26,334,26,334,26
334,334,26,334,26,193780,26,334,27,334,26,334,26,334,26
334,334,26,334,26,194184,26,334,26,334,26,334,26,334,26
334,334,26,334,26,194588,26,334,26,334,26,334,26,334,26
334,334,26,334,26,194992,26,334,26,334,26,334,26,334,26
334,334,26,334,26,195395,26,334,26,334,27,334,26,334,26
334,334,26,334,26,195799,26,334,26,334,26,334,26,334,26
334,334,26,334,26,196203,26,334,26,334,26,334,26,334,26
334,334,26,334,26,196606,26,334,26,334,26,334,26,334,26
334,334,26,334,26,197010,26,334,26,334,26,334,26,334,26
334,334,26,334,26,197413,26,334,26,334,26,334,26,334,26
334,334,26,334,26,197818,26,334,26,334,26,334,26,334,26
334,334,26,334,26,198221,26,334,26,334,26,334,26,334,26
334,334,26,334,26,198625,26,334,26,334,26,334,26,334,26
334,334,26,334,26,199029,26,334,26,334,26,334,26,334,26
334,334,26,334,26,199433,26,334,26,334,26,334,26,334,26
334,334,26,334,26,199836,26,334,27,334,26,334,26,334,26
334,334,26,334,26,200240,26,334,26,334,26,334,26,334,26
334,334,26,334,26,200644,26,334,26,334,26,334,26,334,26
334,334,26,334,26,201048,26,334,26,334,26,334,26,334,26
334,334,26,334,26,201451,26,334,26,334,26,334,26,334,26
334,334,26,334,26,201854,26,334,27,334,26,334,26,334,26
334,334,26,334,26,202259,26,334,27,334,26,334,26,334,26
334,334,26,334,26,202662,26,334,26,334,26,334,26,334,26
334,334,26,334,27,203066,26,334,26,334,26,334,26,334,26
334,334,26,334,26,203469,26,334,26,334,26,334,26,334,26
334,334,26,334,26,203874,26,334,26,334,26,334,26,334,26
334,334,26,334,26,204277,26,334,26,334,26,334,26,334,26
334,334,26,334,26,204681,27,334,26,334,26,334,26,334,26
334,334,26,334,26,205085,26,334,27,334,26,334,27,334,26
334,334,26,334,26,205489,26,334,26,334,26,334,26,334,27
334,334,26,334,26,205892,26,334,26,334,26,334,26,334,26
334,334,26,334,26,206296,26,334,26,334,26,334,26,334,26
334,334,26,334,26,206700,26,334,26,334,26,334,26,334,26
334,334,26,334,26,207104,26,334,26,334,26,334,26,334,26
334,334,26,334,26,207507,26,334,26,334,26,334,26,334,26
334,334,26,334,26,207910,26,334,26,334,26,334,26,334,26
334,334,26,334,26,208315,26,334,26,334,26,334,26,334,26
334,334,26,334,26,208718,26,334,26,334,26,334,26,334,26
334,334,26,334,26,209122,26,334,26,334,26,334,26,334,26
334,334,26,334,26,209526,26,334,26,334,26,334,26,334,26
334,334,26,334,26,209930,26,334,26,334,26,334,26,334,26
334,334,26,334,26,210333,26,334,26,334,26,334,26,334,26
334,334,26,334,26,210737,26,334,26,334,26,334,26,334,26
334,334,26,334,26,211141,26,334,26,334,26,334,26,334,26
334,334,26,334,26,211545,26,334,26,334,26,334,26,334,26
334,334,26,334,26,211948,26,334,26,334,26,334,26,334,26
334,334,26,334,26,212352,26,334,26,334,26,334,26,334,26
334,334,26,334,26,212756,26,334,26,334,26,334,26,334,26
334,334,26,334,26,213159,26,334,26,334,26,334,26,334,26
334,334,26,334,26,213563,26,334,26,334,26,334,26,334,26
334,334,26,334,26,213966,26,334,26,334,26,334,26,334,26
334,334,26,334,26,214371,26,334,26,334,26,334,26,334,26
334,334,26,334,26,214774,26,334,26,334,26,334,26,334,26
334,334,26,334,26,215178,26,334,26,334,26,334,26,334,26
334,334,26,334,26,215582,26,334,26,334,26,334,26,334,26
334,334,26,334,26,215986,26,334,26,334,26,334,26,334,26
334,334,26,334,26,216389,26,334,26,334,26,334,26,334,26
334,334,26,334,26,216793,26,334,26,334,26,334,26,334,26
334,334,26,334,26,217197,26,334,26,334,26,334,26,334,26
334,334,26,334,26,217601,26,334,26,334,26,334,26,334,26
334,334,26,334,26,218004,26,334,26,334,26,334,26,334,26
334,334,26,334,26,218407,26,334,26,334,26,334,26,334,26
334,334,26,334,26,218812,26,334,26,334,26,334,26,334,26
334,334,26,334,26,219215,26,334,26,334,26,334,26,334,26
334,334,26,334,26,219619,26,334,26,334,26,334,26,334,26
334,334,26,334,26,220022,26,334,26,334,27,334,26,334,26
334,334,26,334,26,220427,26,334,26,334,26,334,26,334,26
334,334,26,334,26,220830,26,334,26,334,26,334,26,334,26
334,334,26,334,26,221234,26,334,26,334,26,334,26,334,26
334,334,26,334,26,221638,26,334,26,334,26,334,26,334,26
334,334,26,334,26,222042,26,334,26,334,26,334,26,334,26
334,334,26,334,26,222445,26,334,26,334,26,334,26,334,26
334,334,26,334,26,222849,26,334,26,334,26,334,26,334,26
334,334,26,334,26,223253,26,334,26,334,26,334,26,334,26
334,334,26,334,26,223656,26,334,26,334,26,334,26,334,26
334,334,26,334,26,224060,26,334,26,334,26,334,26,334,26
334,334,26,334,26,224463,26,334,26,334,26,334,26,334,26
334,334,26,334,26,224868,26,334,26,334,26,334,26,334,26
334,334,26,334,26,225271,26,334,26,334,26,334,26,334,26
334,334,26,334,26,225675,26,334,26,334,26,334,26,334,26
334,334,26,334,26,226079,26,334,26,334,26,334,26,334,26
334,334,26,334,26,226483,26,334,26,334,26,334,26,334,26
334,334,26,334,26,226886,26,334,26,334,26,334,26,334,26
334,334,26,334,26,227290,26,334,26,334,26,334,26,334,26
334,334,26,334,26,227694,26,334,26,334,26,334,26,334,26
334,334,26,334,26,228098,26,334,26,334,26,334,26,334,26
334,334,26,334,26,228501,26,334,26,334,26,334,26,334,26
334,334,26,334,26,228904,26,334,26,334,26,334,26,334,26
334,334,26,334,26,229309,26,334,26,334,26,334,26,334,26
334,334,26,334,26,229712,26,334,26,334,26,334,26,334,26
334,334,26,334,26,230116,26,334,26,334,26,334,26,334,26
334,334,26,334,26,230519,26,334,26,334,26,334,26,334,26
334,334,26,334,26,230924,26,334,26,334,26,334,26,334,26
334,334,26,334,26,231327,26,334,26,334,26,334,26,334,26
334,334,26,334,26,231731,26,334,26,334,26,334,26,334,26
334,334,26,334,26,232135,26,334,26,334,26,334,26,334,26
334,334,26,334,26,232539,26,334,26,334,26,334,26,334,26
334,334,26,334,26,232942,26,334,26,334,26,334,26,334,26
334,334,26,334,26,233346,26,334,26,334,26,334,26,334,26
334,334,26,334,26,233750,26,334,26,334,26,334,26,334,26
334,334,26,334,26,234153,26,334,26,334,26,334,26,334,26
334,334,26,334,26,234557,26,334,26,334,26,334,26,334,26
334,334,26,334,26,234960,26,334,26,334,26,334,26,334,26
334,334,26,334,26,235365,26,334,26,334,26,334,26,334,26
334,334,26,334,26,235768,26,334,26,334,26,334,26,334,26
334,334,26,334,26,236172,26,334,26,334,26,334,26,334,26
334,334,26,334,26,236575,26,334,26,334,26,334,26,334,26
334,334,26,334,26,236980,26,334,26,334,26,334,26,334,26
334,334,26,334,26,237383,26,334,26,334,26,334,26,334,26
334,334,26,334,26,237787,26,334,26,334,26,334,26,334,26
334,334,26,334,26,238191,26,334,26,334,26,334,26,334,26
334,334,26,334,26,238595,26,334,26,334,26,334,26,334,26
334,334,26,334,26,238998,26,334,26,334,26,334,26,334,26
334,334,26,334,26,239401,26,334,26,334,26,334,26,334,26
334,334,26,334,26,239806,26,334,26,334,26,334,26,334,26
334,334,26,334,26,240209,26,334,26,334,26,334,26,334,26
334,334,26,334,26,240613,26,334,26,334,26,334,26,334,26
334,334,26,334,26,241016,26,334,26,334,26,334,26,334,26
334,334,26,334,26,241421,26,334,26,334,26,334,26,334,26
334,334,26,334,26,241824,26,334,26,334,26,334,26,334,26
334,334,26,334,26,242228,26,334,26,334,26,334,26,334,26
334,334,26,334,26,242631,26,334,26,334,26,334,26,334,26
334,334,26,334,26,243036,26,334,26,334,26,334,26,334,26
334,334,26,334,26,243439,26,334,26,334,26,334,26,334,26
334,334,26,334,26,243843,26,334,26,334,26,334,26,334,26
334,334,26,334,26,244247,26,334,26,334,26,334,26,334,26
334,334,26,334,26,244651,26,334,26,334,26,334,26,334,26
334,334,26,334,26,245054,26,334,26,334,26,334,26,334,26
334,334,26,334,26,245457,26,334,26,334,26,334,26,334,26
334,334,26,334,26,245862,26,334,26,334,26,334,26,334,26
334,334,26,334,26,246265,26,334,26,334,26,334,26,334,26
334,334,26,334,26,246669,26,334,26,334,26,334,26,334,26
334,334,26,334,26,247072,26,334,26,334,26,334,26,334,26
334,334,26,334,26,247477,26,334,26,334,26,334,26,334,26
334,334,26,334,26,247880,26,334,26,334,26,334,26,334,26
334,334,26,334,26,248284,26,334,26,334,26,334,26,334,26
334,334,26,334,26,248688,26,334,26,334,26,334,26,334,26
334,334,26,334,26,249092,26,334,26,334,26,334,26,334,26
334,334,26,334,26,249495,26,334,26,334,26,334,26,334,26
334,334,26,334,26,249899,26,334,26,334,26,334,26,334,26
334,334,26,334,26,250303,26,334,26,334,26,334,26,334,26
334,334,26,334,26,250706,26,334,26,334,26,334,26,334,26
334,334,26,334,26,251110,26,334,26,334,26,334,26,334,26
334,334,26,334,26,251513,26,334,26,334,26,334,26,334,26
334,334,26,334,26,251918,26,334,26,334,26,334,26,334,26
334,334,26,334,26,252321,26,334,26,334,26,334,26,334,26
334,334,26,334,26,252725,26,334,26,334,26,334,26,334,26
334,334,26,334,26,253128,26,334,26,334,26,334,26,334,26
334,334,26,334,26,253533,26,334,26,334,26,334,26,334,26
334,334,26,334,26,253936,26,334,26,334,26,334,26,334,26
334,334,26,334,26,254340,26,334,26,334,26,334,26,334,26
334,334,26,334,26,254744,26,334,26,334,26,334,26,334,26
334,334,26,334,26,255148,26,334,26,334,26,334,26,334,26
334,334,26,334,26,255551,26,334,26,334,26,334,26,334,26
334,334,26,334,26,255954,26,334,26,334,26,334,26,334,26
334,334,26,334,26,256359,26,334,26,334,26,334,26,334,26
334,334,26,334,26,256762,26,334,26,334,26,334,26,334,26
334,334,26,334,26,257166,26,334,26,334,26,334,26,334,26
334,334,26,334,26,257569,26,334,26,334,26,334,26,334,26
334,334,26,334,26,257974,26,334,26,334,26,334,26,334,26
334,334,26,334,26,258377,26,334,26,334,26,334,26,334,26
334,334,26,334,26,258781,26,334,26,334,26,334,26,334,26
334,334,26,334,26,259185,26,334,26,334,26,334,26,334,26
334,334,26,334,26,259589,26,334,26,334,26,334,26,334,26
334,334,26,334,26,259992,26,334,26,334,26,334,26,334,26
334,334,26,334,26,260396,26,334,26,334,26,334,26,334,26
334,334,26,334,26,260800,26,334,26,334,26,334,26,334,26
334,334,26,334,26,261203,26,334,26,334,26,334,26,334,26
334,334,26,334,26,261607,26,334,26,334,26,334,26,334,26
334,334,26,334,26,262010,26,334,26,334,26,334,26,334,26
334,334,26,334,26,262415,26,334,26,334,26,334,26,334,26
334,334,26,334,26,262818,26,334,26,334,26,334,26,334,26
334,334,26,334,26,263222,26,334,26,334,26,334,26,334,26
334,334,26,334,26,263625,26,334,26,334,26,334,26,334,26
334,334,26,334,26,264030,26,334,26,334,26,334,26,334,26
334,334,26,334,26,264433,26,334,26,334,26,334,26,334,26
334,334,26,334,26,264837,26,334,26,334,26,334,26,334,26
334,334,26,334,26,265241,26,334,26,334,26,334,26,334,26
334,334,26,334,26,265645,26,334,26,334,26,334,26,334,26
334,334,26,334,26,266048,26,334,26,334,26,334,26,334,26
334,334,26,334,26,266451,26,334,26,334,26,334,26,334,26
334,334,26,334,26,266856,26,334,26,334,26,334,26,334,26
334,334,26,334,26,267259,26,334,26,334,26,334,26,334,26
334,334,26,334,26,267663,26,334,26,334,26,334,26,334,26
334,334,26,334,26,268066,26,334,26,334,26,334,26,334,26
334,334,26,334,26,268471,26,334,26,334,26,334,26,334,26
334,334,26,334,26,268874,26,334,26,334,26,334,26,334,26
334,334,26,334,26,269278,26,334,26,334,26,334,26,334,26
334,334,26,334,26,269681,26,334,26,334,26,334,26,334,26
334,334,26,334,26,270086,26,334,26,334,26,334,26,334,26
334,334,26,334,26,270489,26,334,26,334,26,334,26,334,26
334,334,26,334,26,270893,26,334,26,334,26,334,26,334,26
334,334,26,334,26,271297,26,334,26,334,26,334,26,334,26
334,334,26,334,26,271700,26,334,26,334,26,334,26,334,26
334,334,26,334,26,272104,26,334,26,334,26,334,26,334,26
334,334,26,334,26,272507,26,334,26,334,26,334,26,334,26
334,334,26,334,26,272912,26,334,26,334,26,334,26,334,26
334,334,26,334,26,273315,26,334,26,334,26,334,26,334,26
334,334,26,334,26,273719,26,334,26,334,26,334,26,334,26
334,334,26,334,26,274122,26,334,26,334,26,334,26,334,26
334,334,26,334,26,274527,26,334,26,334,26,334,26,334,26
334,334,26,334,26,274930,26,334,26,334,26,334,26,334,26
334,334,26,334,26,275334,26,334,26,334,26,334,26,334,26
334,334,26,334,26,275737,26,334,26,334,26,334,26,334,26
334,334,26,334,26,276142,26,334,26,334,26,334,26,334,26
334,334,26,334,26,276545,26,334,26,334,26,334,26,334,26
334,334,26,334,26,276948,26,334,26,334,26,334,26,334,26
334,334,26,334,26,277353,26,334,26,334,26,334,26,334,26
334,334,26,334,26,277756,26,334,26,334,26,334,26,334,26
334,334,26,334,26,278160,26,334,26,334,26,334,26,334,26
334,334,26,334,26,278563,26,334,26,334,26,334,26,334,26
334,334,26,334,26,278968,26,334,26,334,26,334,26,334,26
334,334,26,334,26,279371,26,334,26,334,26,334,26,334,26
334,334,26,334,26,279775,26,334,26,334,26,334,26,334,26
334,334,26,334,26,280178,26,334,26,334,26,334,26,334,26
334,334,26,334,26,280583,26,334,26,334,26,334,26,334,26
334,334,26,334,26,280986,26,334,26,334,26,334,26,334,26
334,334,26,334,26,281390,26,334,26,334,26,334,26,334,26
334,334,26,334,26,281794,26,334,26,334,26,334,26,334,26
334,334,26,334,26,282198,26,334,26,334,26,334,26,334,26
334,334,26,334,26,282601,26,334,26,334,26,334,26,334,26
334,334,26,334,26,283004,26,334,26,334,26,334,26,334,26
334,334,26,334,26,283409,26,334,26,334,26,334,26,334,26
334,334,26,334,26,283812,26,334,26,334,26,334,26,334,26
334,334,26,334,26,284216,26,334,26,334,26,334,26,334,26
334,334,26,334,26,284619,26,334,26,334,26,334,26,334,26
334,334,26,334,26,285024,26,334,26,334,26,334,26,334,26
334,334,26,334,26,285427,26,334,26,334,26,334,26,334,26
334,334,26,334,26,285831,26,334,26,334,26,334,26,334,26
334,334,26,334,26,286234,26,334,26,334,26,334,26,334,26
334,334,26,334,26,286639,26,334,26,334,26,334,26,334,26
334,334,26,334,26,287042,26,334,26,334,26,334,26,334,26
334,334,26,334,26,287446,26,334,26,334,26,334,26,334,26
334,334,26,334,26,287850,26,334,26,334,26,334,26,334,26
334,334,26,334,26,288253,26,334,26,334,26,334,26,334,26
334,334,26,334,26,288657,26,334,26,334,26,334,26,334,26
334,334,26,334,26,289060,26,334,26,334,26,334,26,334,26
334,334,26,334,26,289465,26,334,26,334,26,334,26,334,26
334,334,26,334,26,289868,26,334,26,334,26,334,26,334,26
334,334,26,334,26,290272,26,334,26,334,26,334,26,334,26
334,334,26,334,26,290675,26,334,26,334,26,334,26,334,26
334,334,26,334,26,291080,26,334,26,334,26,334,26,334,26
334,334,26,334,26,291483,26,334,26,334,26,334,26,334,26
334,334,26,334,26,291887,26,334,26,334,26,334,26,334,26
334,334,26,334,26,292291,26,334,26,334,26,334,26,334,26
334,334,26,334,26,292695,26,334,26,334,26,334,26,334,26
334,334,26,334,26,293098,26,334,26,334,26,334,26,334,26
334,334,26,334,26,293501,26,334,26,334,26,334,26,334,26
334,334,26,334,26,293906,26,334,26,334,26,334,26,334,26
334,334,26,334,26,294309,26,334,26,334,26,334,26,334,26
334,334,26,334,26,294713,26,334,26,334,26,334,26,334,26
334,334,26,334,26,295116,26,334,26,334,26,334,26,334,26
334,334,26,334,26,295521,26,334,26,334,26,334,26,334,26
334,334,26,334,26,295924,26,334,26,334,26,334,26,334,26
334,334,26,334,26,296328,26,334,26,334,26,334,26,334,26
334,334,26,334,26,296731,26,334,26,334,26,334,26,334,26
334,334,26,334,26,297136,26,334,26,334,26,334,26,334,26
334,334,26,334,26,297539,26,334,26,334,26,334,26,334,26
334,334,26,334,26,297943,26,334,26,334,26,334,26,334,26
334,334,26,334,26,298347,26,334,26,334,26,334,26,334,26
334,334,26,334,26,298750,26,334,26,334,26,334,26,334,26
334,334,26,334,26,299154,26,334,26,334,26,334,26,334,26
334,334,26,334,26,299557,26,334,26,334,26,334,26,334,26
334,334,26,334,26,299962,26,334,26,334,26,334,26,334,26
334,334,26,334,26,300365,26,334,26,334,26,334,26,334,26
334,334,26,334,26,300769,26,334,26,334,26,334,26,334,26
334,334,26,334,26,301172,26,334,26,334,26,334,26,334,26
334,334,26,334,26,301577,26,334,26,334,26,334,26,334,26
334,334,26,334,26,301980,26,334,26,334,26,334,26,334,26
334,334,26,334,26,302384,26,334,26,334,26,334,26,334,26
334,334,26,334,26,302787,26,334,26,334,26,334,26,334,26
334,334,26,334,26,303192,26,334,26,334,26,334,26,334,26
334,334,26,334,26,303595,26,334,26,334,26,334,26,334,26
334,334,26,334,26,303998,26,334,26,334,26,334,26,334,26
334,334,26,334,26,304403,26,334,26,334,26,334,26,334,26
334,334,26,334,26,304806,26,334,26,334,26,334,26,334,26
334,334,26,334,26,305210,26,334,26,334,26,334,26,334,26
334,334,26,334,26,305613,26,334,26,334,26,334,26,334,26
334,334,26,334,26,306018,26,334,26,334,26,334,26,334,26
334,334,26,334,26,306421,26,334,26,334,26,334,26,334,26
334,334,26,334,26,306825,26,334,26,334,26,334,26,334,26
334,334,26,334,26,307228,26,334,26,334,26,334,26,334,26
334,334,26,334,26,307633,26,334,26,334,26,334,26,334,26
334,334,26,334,26,308036,26,334,26,334,26,334,26,334,26
334,334,26,334,26,308440,26,334,26,334,26,334,26,334,26
334,334,26,334,26,308844,26,334,26,334,26,334,26,334,26
334,334,26,334,26,309248,26,334,26,334,26,334,26,334,26
334,334,26,334,26,309651,26,334,26,334,26,334,26,334,26
334,334,26,334,26,310054,26,334,26,334,26,334,26,334,26
334,334,26,334,26,310459,26,334,26,334,26,334,26,334,26
334,334,26,334,26,310862,26,334,26,334,26,334,26,334,26
334,334,26,334,26,311266,26,334,26,334,26,334,26,334,26
334,334,26,334,26,311669,26,334,26,334,26,334,26,334,26
334,334,26,334,26,312074,26,334,26,334,26,334,26,334,26
334,334,26,334,26,312477,26,334,26,334,26,334,26,334,26
334,334,26,334,26,312881,26,334,26,334,26,334,26,334,26
334,334,26,334,26,313285,26,334,26,334,26,334,26,334,26
334,334,26,334,26,313689,26,334,26,334,26,334,26,334,26
334,334,26,334,26,314092,26,334,26,334,26,334,26,334,26
334,334,26,334,26,314496,26,334,26,334,26,334,26,334,26
334,334,26,334,26,314900,26,334,26,334,26,334,26,334,26
334,334,26,334,26,315303,26,334,26,334,26,334,26,334,26
334,334,26,334,26,315707,26,334,26,334,26,334,26,334,26
334,334,26,334,26,316110,26,334,26,334,26,334,26,334,26
334,334,26,334,26,316515,26,334,26,334,26,334,26,334,26
334,334,26,334,26,316918,26,334,26,334,26,334,26,334,26
334,334,26,334,26,317322,26,334,26,334,26,334,26,334,26
334,334,26,334,26,317725,26,334,26,334,26,334,26,334,26
334,334,26,334,26,318130,26,334,26,334,26,334,26,334,26
334,334,26,334,26,318533,26,334,26,334,26,334,26,334,26
334,334,26,334,26,318937,26,334,26,334,26,334,26,334,26
334,334,26,334,26,319341,26,334,26,334,26,334,26,334,26
334,334,26,334,26,319745,26,334,26,334,26,334,26,334,26
334,334,26,334,26,320148,26,334,26,334,26,334,26,334,26
334,334,26,334,26,320551,26,334,26,334,26,334,26,334,26
334,334,26,334,26,320956,26,334,26,334,26,334,26,334,26
334,334,26,334,26,321359,26,334,26,334,26,334,26,334,26
334,334,26,334,26,321763,26,334,26,334,26,334,26,334,26
334,334,26,334,26,322166,26,334,26,334,26,334,26,334,26
334,334,26,334,26,322571,26,334,26,334,26,334,26,334,26
334,334,26,334,26,322974,26,334,26,334,26,334,26,334,26
334,334,26,334,26,323378,26,334,26,334,26,334,26,334,26
334,334,26,334,26,323782,26,334,26,334,26,334,26,334,26
334,334,26,334,26,324186,26,334,26,334,26,334,26,334,26
334,334,26,334,26,324589,26,334,26,334,26,334,26,334,26
334,334,26,334,26,324993,26,334,26,334,26,334,26,334,26
334,334,26,334,26,325397,26,334,26,334,26,334,26,334,26
334,334,26,334,26,325800,26,334,26,334,26,334,26,334,26
334,334,26,334,26,326204,26,334,26,334,26,334,26,334,26
334,334,26,334,26,326607,26,334,26,334,26,334,26,334,26
334,334,26,334,26,327012,26,334,26,334,26,334,26,334,26
334,334,26,334,26,327415,26,334,26,334,26,334,26,334,26
334,334,26,334,26,327819,26,334,26,334,26,334,26,334,26
334,334,26,334,26,328222,26,334,26,334,26,334,26,334,26
334,334,26,334,26,328627,26,334,26,334,26,334,26,334,26
334,334,26,334,26,329030,26,334,26,334,26,334,26,334,26
334,334,26,334,26,329434,26,334,26,334,26,334,26,334,26
334,334,26,334,26,329838,26,334,26,334,26,334,26,334,26
334,334,26,334,26,330242,26,334,26,334,26,334,26,334,26
334,334,26,334,26,330645,26,334,26,334,26,334,26,334,26
334,334,26,334,26,331048,26,334,26,334,26,334,26,334,26
334,334,26,334,26,331453,26,334,26,334,26,334,26,334,26
334,334,26,334,26,331856,26,334,26,334,26,334,26,334,26
334,334,26,334,26,332260,26,334,26,334,26,334,26,334,26
334,334,26,334,26,332663,26,334,26,334,26,334,26,334,26
334,334,26,334,26,333068,26,334,26,334,26,334,26,334,26
334,334,26,334,26,333471,26,334,26,334,26,334,26,334,26
334,334,26,334,26,333875,26,334,26,334,26,334,26,334,26
334,334,26,334,26,334279,26,334,26,334,26,334,26,334,26
334,334,26,334,26,334683,26,334,26,334,26,334,26,334,26
334,334,26,334,26,335086,26,334,26,334,26,334,26,334,26
334,334,26,334,26,335490,26,334,26,334,26,334,26,334,26
334,334,26,334,26,335894,26,334,26,334,26,334,26,334,26
334,334,26,334,26,336297,26,334,26,334,26,334,26,334,26
334,334,26,334,26,336701,26,334,26,334,26,334,26,334,26
334,334,26,334,26,337104,26,334,26,334,26,334,26,334,26
334,334,26,334,26,337509,26,334,26,334,26,334,26,334,26
334,334,26,334,26,337912,26,334,26,334,26,334,26,334,26
334,334,26,334,26,338316,26,334,26,334,26,334,26,334,26
334,334,26,334,26,338719,26,334,26,334,26,334,26,334,26
334,334,26,334,26,339124,26,334,26,334,26,334,26,334,26
334,334,26,334,26,339527,26,334,26,334,26,334,26,334,26
334,334,26,334,26,339931,26,334,26,334,26,334,26,334,26
334,334,26,334,26,340335,26,334,26,334,26,334,26,334,26
334,334,26,334,26,340739,26,334,26,334,26,334,26,334,26
334,334,26,334,26,341142,26,334,26,334,26,334,26,334,26
334,334,26,334,26,341545,26,334,26,334,26,334,26,334,26
334,334,26,334,26,341950,26,334,26,334,26,334,26,334,26
334,334,26,334,26,342353,26,334,26,334,26,334,26,334,26
334,334,26,334,26,342757,26,334,26,334,26,334,26,334,26
334,334,26,334,26,343160,26,334,26,334,26,334,26,334,26
334,334,26,334,26,343565,26,334,26,334,26,334,26,334,26
334,334,26,334,26,343968,26,334,26,334,26,334,26,334,26
334,334,26,334,26,344372,26,334,26,334,26,334,26,334,26
334,334,26,334,26,344776,26,334,26,334,26,334,26,334,26
334,334,26,334,26,345180,26,334,26,334,26,334,26,334,26
334,334,26,334,26,345583,26,334,26,334,26,334,26,334,26
334,334,26,334,26,345987,26,334,26,334,26,334,26,334,26
334,334,26,334,26,346391,26,334,26,334,26,334,26,334,26
334,334,25,334,25,1272576,25,334,25,334,25,334,25,334,25
334,334,25,334,25,1272979,25,334,25,334,25,334,25,334,25
334,334,25,334,25,1273382,25,334,25,334,25,334,25,334,25
334,334,25,334,25,1273787,25,334,25,334,25,334,25,334,25
334,334,25,334,25,1274190,25,334,25,334,25,334,25,334,25
334,334,25,334,25,1274594,25,334,25,334,25,334,25,334,25
334,334,25,334,25,1274998,25,334,25,334,25,334,25,334,25
334,334,25,334,25,1275402,25,334,25,334,25,334,25,334,25
334,334,25,334,25,1275805,25,334,25,334,25,334,25,334,25
334,334,25,334,25,1276210,25,334,25,334,25,334,25,334,25
334,334,25,334,25,1276613,25,334,25,334,25,334,25,334,25
334,334,25,334,25,1277017,25,334,25,334,25,334,25,334,25
334,334,25,334,25,1277421,25,334,25,334,25,334,25,334,25
334,334,25,334,25,1277825,25,334,25,334,25,334,25,334,25
334,334,25,334,25,1278228,25,334,25,334,25,334,25,334,25
334,334,25,334,25,1278631,25,334,25,334,25,334,25,334,25
334,334,25,334,25,1279036,25,334,25,334,25,334,25,334,25
334,334,25,334,25,1279439,25,334,25,334,25,334,25,334,25
334,334,25,334,25,1279843,25,334,25,334,25,334,25,334,25
334,334,25,334,25,1280247,25,334,25,334,25,334,25,334,25
334,334,25,334,25,1280651,25,334,25,334,25,334,25,334,25
334,334,25,334,25,1281054,25,334,25,334,25,334,25,334,25
334,334,25,334,25,1281459,25,334,25,334,25,334,25,334,25
334,334,25,334,25,1281862,25,334,25,334,25,334,25,334,25
334,334,25,334,25,1282266,25,334,25,334,25,334,25,334,25
334,334,25,334,25,1282669,25,334,25,334,25,334,25,334,25
334,334,25,334,25,1283074,25,334,25,334,25,334,25,334,25
334,334,25,334,25,1283477,25,334,25,334,25,334,25,334,25
334,334,25,334,25,1283880,25,334,25,334,25,334,25,334,25
334,334,25,334,25,1284285,25,334,25,334,25,334,25,334,25
334,334,25,334,25,1284688,25,334,25,334,25,334,25,334,25
334,334,25,334,25,1285092,25,334,25,334,25,334,25,334,25
334,334,25,334,25,1285496,25,334,25,334,25,334,25,334,25
334,334,25,334,25,1285900,25,334,25,334,25,334,25,334,25
334,334,25,334,25,1286303,25,334,25,334,25,334,25,334,25
334,334,25,334,25,1286707,25,334,25,334,25,334,25,334,25
334,334,25,334,25,1287111,25,334,25,334,25,334,25,334,25
334,334,25,334,25,1287515,25,334,25,334,25,334,25,334,25
334,334,25,334,25,1287918,25,334,25,334,25,334,25,334,25
334,334,25,334,25,1288323,25,334,25,334,25,334,25,334,25
334,334,25,334,25,1288726,25,334,25,334,25,334,25,334,25
334,334,25,334,25,1289129,25,334,25,334,25,334,25,334,25
334,334,25,334,25,1289534,25,334,25,334,25,334,25,334,25
334,334,25,334,25,1289937,25,334,25,334,25,334,25,334,25
334,334,25,334,25,1290341,25,334,25,334,25,334,25,334,25
334,334,25,334,25,1290745,25,334,25,334,25,334,25,334,25
334,334,25,334,25,1291149,25,334,25,334,25,334,25,334,25
334,334,25,334,25,1291552,25,334,25,334,25,334,25,334,25
334,334,25,334,25,1291956,25,334,25,334,25,334,25,334,25
334,334,25,334,25,1292360,25,334,25,334,25,334,25,334,25
334,334,25,334,25,1292764,25,334,25,334,25,334,25,334,25
334,334,25,334,25,1293167,25,334,25,334,25,334,25,334,25
334,334,25,334,25,1293572,25,334,25,334,25,334,25,334,25
334,334,25,334,25,1293975,25,334,25,334,25,334,25,334,25
334,334,25,334,25,1294379,25,334,25,334,25,334,25,334,25
334,334,25,334,25,1294783,25,334,25,334,25,334,25,334,25
334,334,25,334,25,1295186,25,334,25,334,25,334,25,334,25
334,334,25,334,25,1295590,25,334,25,334,25,334,25,334,25
334,334,25,334,25,1295993,25,334,25,334,25,334,25,334,25
334,334,25,334,25,1296398,25,334,25,334,25,334,25,334,25
334,334,25,334,25,1296801,25,334,25,334,25,334,25,334,25
334,334,25,334,25,1297205,25,334,25,334,25,334,25,334,25
334,334,25,334,25,1297609,25,334,25,334,25,334,25,334,25
334,334,25,334,25,1298013,25,334,25,334,25,334,25,334,25
334,334,25,334,25,1298416,25,334,25,334,25,334,25,334,25
334,334,25,334,25,1298821,25,334,25,334,25,334,25,334,25
334,334,25,334,25,1299224,25,334,25,334,25,334,25,334,25
334,334,25,334,25,1299628,25,334,25,334,25,334,25,334,25
334,334,25,334,25,1300031,25,334,25,334,25,334,25,334,25
334,334,25,334,25,1300435,25,334,25,334,25,334,25,334,25
334,334,25,334,25,1300839,25,334,25,334,25,334,25,334,25
334,334,25,334,25,1301242,25,334,25,334,25,334,25,334,25
334,334,25,334,25,1301647,25,334,25,334,25,334,25,334,25
334,334,25,334,25,1302050,25,334,25,334,25,334,25,334,25
334,334,25,334,25,1302454,25,334,25,334,25,334,25,334,25
334,334,25,334,25,1302858,25,334,25,334,25,334,25,334,25
334,334,25,334,25,1303262,25,334,25,334,25,334,25,334,25
334,334,25,334,25,1303665,25,334,25,334,25,334,25,334,25
334,334,25,334,25,1304070,25,334,25,334,25,334,25,334,25
334,334,25,334,25,1304473,25,334,25,334,25,334,25,334,25
334,334,25,334,25,1304877,25,334,25,334,25,334,24,334,25
334,334,25,334,25,1305280,25,334,25,334,25,334,25,334,25
334,334,25,334,25,1305684,25,334,25,334,25,334,25,334,25
334,334,25,334,25,1306088,25,334,25,334,25,334,25,334,25
334,334,25,334,25,1306491,25,334,25,334,25,334,25,334,25
334,334,25,334,25,1306896,25,334,25,334,25,334,25,334,25
334,334,25,334,25,1307299,25,334,25,334,25,334,25,334,25
334,334,25,334,25,1307703,25,334,25,334,25,334,25,334,25
334,334,25,334,25,1308107,25,334,25,334,25,334,25,334,25
334,334,25,334,25,1308511,25,334,25,334,25,334,25,334,25
334,334,25,334,25,1308914,25,334,25,334,25,334,25,334,25
334,334,25,334,25,1309318,25,334,25,334,25,334,25,334,25
334,334,25,334,25,1309722,25,334,25,334,25,334,25,334,25
334,334,25,334,25,1310126,25,334,25,334,25,334,25,334,25
334,334,25,334,25,1310529,25,334,25,334,25,334,25,334,25
334,334,25,334,25,1310934,25,334,25,334,25,334,25,334,25
334,334,25,334,25,1311337,25,334,25,334,25,334,25,334,25
334,334,25,334,25,1311740,25,334,25,334,25,334,25,334,25
334,334,25,334,25,1312145,25,334,25,334,25,334,25,334,25
334,334,25,334,25,1312548,25,334,25,334,25,334,25,334,25
334,334,25,334,25,1312952,25,334,25,334,25,334,25,334,25
334,334,25,334,25,1313355,25,334,25,334,25,334,25,334,25
334,334,25,334,25,1313760,25,334,25,334,25,334,25,334,25
334,334,25,334,25,1314163,25,334,25,334,25,334,25,334,25
334,334,25,334,25,1314567,25,334,25,334,25,334,25,334,25
334,334,25,334,25,1314971,25,334,25,334,25,334,25,334,25
334,334,25,334,25,1315375,25,334,25,334,25,334,25,334,25
334,334,25,334,25,1315778,25,334,25,334,25,334,25,334,25
334,334,25,334,25,1316183,25,334,25,334,25,334,25,334,25
334,334,25,334,25,1316586,25,334,25,334,25,334,25,334,25
334,334,25,334,25,1316989,25,334,25,334,25,334,25,334,25
334,334,25,334,25,1317394,25,334,25,334,25,334,25,334,25
334,334,25,334,25,1317797,25,334,25,334,25,334,25,334,25
334,334,25,334,25,1318201,25,334,25,334,25,334,25,334,25
334,334,25,334,25,1318604,25,334,25,334,25,334,25,334,25
334,334,25,334,25,1319009,25,334,25,334,25,334,25,334,25
334,334,25,334,25,2245249,25,334,25,334,25,334,25,334,25
334,334,25,334,25,2245652,25,334,25,334,25,334,25,334,25
334,334,25,334,25,2246055,25,334,25,334,25,334,25,334,25
334,334,25,334,25,2246460,25,334,25,334,25,334,25,334,25
334,334,25,334,25,2246863,25,334,25,334,25,334,25,334,25
334,334,25,334,25,2247267,25,334,25,334,25,334,25,334,25
334,334,25,334,25,2247671,25,334,25,334,25,334,25,334,25
334,334,25,334,25,2248075,25,334,25,334,25,334,25,334,25
334,334,25,334,25,2248478,25,334,25,334,25,334,25,334,25
334,334,25,334,25,2248882,25,334,25,334,25,334,25,334,25
334,334,25,334,25,2249286,25,334,25,334,25,334,25,334,25
334,334,25,334,25,2249690,25,334,25,334,25,334,25,334,25
334,334,25,334,25,2250093,25,334,25,334,25,334,25,334,25
334,334,25,334,25,2250498,25,334,25,334,25,334,25,334,25
334,334,25,334,25,2250901,25,334,25,334,25,334,25,334,25
334,334,24,334,25,2251304,25,334,25,334,25,334,25,334,25
334,334,25,334,25,2251709,25,334,25,334,24,334,25,334,25
334,334,25,334,25,2252112,25,334,25,334,25,334,25,334,25
334,334,25,334,25,2252516,25,334,25,334,25,334,25,334,25
334,334,25,334,25,2252919,25,334,25,334,25,334,25,334,25
334,334,25,334,25,2253324,25,334,25,334,25,334,25,334,25
334,334,25,334,25,2253727,25,334,25,334,25,334,25,334,25
334,334,25,334,25,2254131,25,334,25,334,25,334,25,334,25
334,334,25,334,25,2254535,25,334,25,334,25,334,25,334,25
334,334,24,334,25,2254939,25,334,25,334,25,334,25,334,25
334,334,24,334,25,2255342,25,334,25,334,25,334,25,334,25
334,334,25,334,25,2255747,25,334,25,334,25,334,25,334,25
334,334,25,334,25,2256150,25,334,25,334,25,334,25,334,25
334,334,24,334,25,2256553,25,334,25,334,25,334,25,334,25
334,334,24,334,25,2256958,25,334,25,334,25,334,25,334,25
334,334,25,334,25,2257361,25,334,25,334,25,334,25,334,25
334,334,25,334,25,2257765,25,334,25,334,25,334,25,334,25
334,334,25,334,25,2258168,25,334,25,334,25,334,25,334,25
334,334,25,334,25,2258573,25,334,25,334,25,334,25,334,25
334,334,24,334,25,2258976,25,334,25,334,25,334,25,334,25
334,334,25,334,25,2259380,25,334,25,334,25,334,25,334,25
334,334,25,334,25,2259784,25,334,25,334,25,334,25,334,25
334,334,25,334,25,2260188,25,334,25,334,24,334,25,334,25
334,334,25,334,25,2260591,25,334,25,334,25,334,25,334,25
334,334,25,334,25,2260996,25,334,25,334,25,334,25,334,25
334,334,25,334,25,2261399,25,334,25,334,25,334,25,334,25
334,334,25,334,25,2261803,25,334,25,334,25,334,25,334,25
334,334,25,334,25,2262206,25,334,25,334,25,334,25,334,25
334,334,25,334,25,2262610,25,334,25,334,25,334,25,334,25
334,334,25,334,25,2263014,25,334,25,334,25,334,25,334,25
334,334,25,334,25,2263417,25,334,25,334,25,334,25,334,25
334,334,25,334,25,2263822,25,334,25,334,25,334,25,334,25
334,334,25,334,25,2264225,25,334,25,334,25,334,25,334,25
334,334,25,334,25,2264629,25,334,25,334,25,334,25,334,25
334,334,25,334,25,2265033,25,334,25,334,25,334,25,334,25
334,334,25,334,25,2265437,25,334,25,334,25,334,25,334,25
334,334,25,334,25,2265840,25,334,25,334,25,334,25,334,25
334,334,25,334,25,2266244,25,334,25,334,25,334,25,334,25
334,334,24,334,25,2266648,25,334,25,334,25,334,25,334,25
334,334,25,334,25,2267052,25,334,25,334,25,334,25,334,25
334,334,24,334,25,2267455,25,334,25,334,25,334,25,334,25
334,334,25,334,25,2267859,25,334,25,334,25,334,25,334,25
334,334,25,334,25,2268263,25,334,25,334,25,334,25,334,25
334,334,24,334,25,2268666,25,334,25,334,25,334,25,334,25
334,334,25,334,25,2269071,25,334,25,334,25,334,25,334,25
334,334,25,334,25,2269474,25,334,25,334,25,334,25,334,25
334,334,25,334,25,2269878,25,334,25,334,25,334,25,334,25
334,334,24,334,25,2270282,25,334,25,334,25,334,25,334,25
334,334,25,334,25,2270686,25,334,25,334,25,334,25,334,25
334,334,25,334,25,2271089,25,334,25,334,25,334,25,334,25
334,334,25,334,25,2271493,24,334,25,334,25,334,25,334,25
334,334,25,334,25,2271897,25,334,25,334,25,334,25,334,25
334,334,25,334,25,2272301,25,334,25,334,25,334,25,334,25
334,334,24,334,25,2272704,25,334,25,334,25,334,25,334,25
334,334,25,334,25,2273108,25,334,25,334,25,334,25,334,25
334,334,25,334,25,2273512,25,334,25,334,25,334,25,334,25
334,334,25,334,25,2273915,25,334,25,334,25,334,25,334,25
334,334,24,334,25,2274320,25,334,25,334,25,334,25,334,25
334,334,25,334,25,2274723,25,334,25,334,25,334,25,334,25
334,334,25,334,25,2275127,25,334,25,334,25,334,25,334,25
334,334,25,334,25,2275530,25,334,25,334,25,334,25,334,25
334,334,25,334,25,2275935,25,334,25,334,25,334,25,334,25
334,334,25,334,25,2276338,25,334,25,334,25,334,25,334,25
334,334,25,334,25,2276742,25,334,25,334,25,334,25,334,25
334,334,25,334,25,2277146,25,334,25,334,25,334,25,334,25
334,334,25,334,25,2277550,24,334,25,334,25,334,25,334,25
334,334,24,334,25,2277953,25,334,25,334,25,334,25,334,25
334,334,25,334,25,2278358,25,334,25,334,25,334,25,334,25
334,334,25,334,25,2278761,25,334,25,334,25,334,25,334,25
334,334,25,334,25,2279164,25,334,25,334,25,334,25,334,25
334,334,25,334,25,2279568,25,334,25,334,25,334,25,334,25
334,334,25,334,25,2279972,25,334,25,334,25,334,25,334,25
334,334,25,334,25,2280376,25,334,25,334,25,334,25,334,25
334,334,25,334,25,2280779,25,334,25,334,25,334,25,334,25
334,334,25,334,25,2281184,25,334,25,334,25,334,25,334,25
334,334,25,334,25,2281587,25,334,25,334,25,334,25,334,25
334,334,25,334,25,2281991,25,334,25,334,25,334,25,334,25
334,334,25,334,25,2282395,25,334,25,334,25,334,25,334,25
334,334,25,334,25,2282799,25,334,25,334,25,334,25,334,25
334,334,25,334,25,2283202,25,334,25,334,25,334,25,334,25
334,334,24,334,25,2283606,25,334,25,334,25,334,25,334,25
334,334,25,334,25,2284010,25,334,25,334,25,334,25,334,25
334,334,25,334,25,2284413,25,334,25,334,25,334,25,334,25
334,334,25,334,25,2284817,25,334,25,334,25,334,25,334,25
334,334,25,334,25,2285221,25,334,25,334,25,334,25,334,25
334,334,25,334,25,2285625,25,334,25,334,25,334,25,334,25
334,334,25,334,25,2286028,25,334,25,334,25,334,25,334,25
334,334,24,334,25,2286433,25,334,25,334,25,334,25,334,25
334,334,25,334,25,2286836,25,334,25,334,25,334,25,334,25
334,334,25,334,25,2287240,25,334,25,334,25,334,25,334,25
334,334,25,334,25,2287643,25,334,25,334,25,334,25,334,25
334,334,25,334,25,2288048,25,334,25,334,24,334,25,334,25
334,334,25,334,25,2288451,25,334,25,334,25,334,25,334,25
334,334,25,334,25,2288855,25,334,25,334,25,334,25,334,25
334,334,24,334,25,2289259,25,334,25,334,25,334,25,334,25
334,334,25,334,25,2289662,25,334,25,334,25,334,25,334,25
334,334,25,334,25,2290066,25,334,25,334,25,334,25,334,25
334,334,25,334,25,2290470,25,334,25,334,25,334,25,334,25
334,334,25,334,25,2290874,25,334,25,334,25,334,25,334,25
334,334,25,334,25,2291277,25,334,25,334,25,334,25,334,25
334,334,25,334,25,2291682,25,334,25,334,25,334,25,334,25
335,336,26,335,26,2598947,26,336,26,335,26,335,26,336,26
335,335,26,335,26,2599352,26,335,26,335,26,335,26,335,26
335,335,26,335,26,2599755,26,335,26,335,26,335,26,335,26
335,335,26,335,26,2600159,26,335,26,335,26,335,26,335,26
335,335,26,335,26,2600563,26,335,26,335,25,335,26,335,26
335,335,26,335,26,2600967,26,335,26,335,26,335,26,335,26
335,335,25,335,26,2601370,26,335,26,335,26,335,26,335,26
335,335,26,335,26,2601775,26,335,26,335,26,335,26,335,26
335,335,26,335,26,2602178,26,335,26,335,26,335,26,335,26
335,335,26,335,26,2602582,26,335,26,335,26,335,26,335,26
335,335,26,335,26,2602985,26,335,26,335,26,335,26,335,26
335,335,26,335,26,2603389,26,335,26,335,26,335,26,335,26
335,335,26,335,26,2603793,26,335,26,335,26,335,26,335,26
335,335,26,335,26,2604196,26,335,26,335,26,335,26,335,26
335,335,26,335,26,2604601,26,335,26,335,26,335,26,335,26
335,335,26,335,26,2605004,26,335,26,335,26,335,26,335,26
335,335,26,335,26,2605408,26,335,26,335,26,335,26,335,26
335,335,26,335,26,2605812,26,335,26,335,26,335,26,335,26
335,335,26,335,26,2606216,26,335,26,335,26,335,26,335,26
335,335,26,335,26,2606619,26,335,26,335,26,335,26,335,26
335,335,26,335,26,2607023,26,335,26,335,26,335,26,335,26
335,335,26,335,26,2607427,26,335,26,335,26,335,26,335,26
335,335,26,335,26,2607831,26,335,26,335,26,335,26,335,26
335,335,26,335,26,2608234,26,335,26,335,26,335,26,335,26
335,335,26,335,26,2608638,26,335,26,335,26,335,26,335,26
335,335,26,335,26,2609042,26,335,26,335,26,335,26,335,26
335,335,26,335,26,2609445,26,335,26,335,26,335,26,335,26
335,335,26,335,26,2609850,26,335,26,335,26,335,26,335,26
335,335,26,335,26,2610253,26,335,26,335,26,335,26,335,26
335,335,26,335,26,2610657,26,335,26,335,26,335,26,335,26
335,335,26,335,26,2611060,26,335,26,335,26,335,26,335,26
335,335,26,335,26,2611465,26,335,26,335,26,335,26,335,26
335,335,26,335,26,2611868,26,335,26,335,26,335,26,335,26
335,335,26,335,26,2612272,26,335,26,335,26,335,26,335,26
335,335,26,335,26,2612676,26,335,26,335,26,335,26,335,26
335,335,26,335,26,2613080,26,335,26,335,26,335,26,335,26
335,335,26,335,26,2613483,26,335,26,335,26,335,26,335,26
335,335,26,335,26,2613888,26,335,26,335,26,335,26,335,26
335,335,26,335,26,2614291,26,335,26,335,26,335,26,335,26
335,335,26,335,26,2614694,26,335,26,335,26,335,26,335,26
335,335,26,335,26,2615098,26,335,26,335,26,335,26,335,26
335,335,26,335,26,2615502,26,335,26,335,26,335,26,335,26
335,335,26,335,26,2615906,26,335,26,335,26,335,26,335,26
335,335,26,335,26,2616309,26,335,26,335,26,335,26,335,26
335,335,26,336,26,2616714,26,335,26,335,26,335,26,335,26
335,335,26,335,26,2617117,26,335,26,335,26,335,26,335,26
335,335,25,335,26,2617521,26,335,26,335,26,335,26,335,26
335,335,26,335,26,2617925,26,335,26,335,26,335,26,335,26
335,335,26,335,26,2618329,26,335,26,335,25,335,26,335,26
335,335,26,335,26,2618732,26,335,26,335,26,335,26,335,26
335,335,26,335,26,2619137,26,335,26,335,26,335,26,335,26
335,335,26,335,26,2619540,26,335,26,335,26,335,26,335,26
335,335,26,335,26,2619943,26,335,26,335,26,335,26,335,26
335,335,26,335,26,2620347,26,335,26,335,26,335,26,335,26
335,335,26,335,26,2620751,26,335,26,335,26,335,26,335,26
335,335,26,335,26,2621155,26,335,26,335,26,335,26,335,26
335,335,26,335,26,2621558,26,335,26,335,26,335,26,335,26
335,335,26,335,26,2621963,26,335,26,335,26,335,26,335,26
335,335,26,335,26,2622366,26,335,26,335,26,335,26,335,26
335,335,25,335,26,2622770,26,335,26,335,26,335,26,335,26
335,335,26,335,26,2623174,26,335,26,335,26,335,26,335,26
335,335,26,335,26,2623578,26,335,26,335,26,335,26,335,26
335,335,26,335,26,2623981,26,335,25,335,26,335,26,335,26
335,335,26,335,26,2624385,26,335,26,335,26,335,26,335,26
335,335,26,335,26,2624789,26,335,26,335,26,335,26,335,26
335,335,25,335,26,2625192,26,335,26,335,25,335,26,335,26
335,335,25,335,26,2625596,26,335,26,335,26,335,26,335,26
335,335,26,335,26,2626000,26,335,26,335,26,335,25,335,26
335,335,25,336,26,2626404,26,335,26,335,26,335,26,335,26
335,335,25,335,26,2626807,26,335,26,335,26,335,26,335,26
335,335,26,335,26,2627212,26,335,26,335,26,335,26,335,26
335,335,26,335,26,2627615,26,335,25,335,26,335,26,335,26
335,335,26,335,26,2628019,26,335,26,335,26,335,26,335,26
335,335,26,335,26,2628422,26,335,26,335,26,335,26,335,26
335,335,25,335,26,2628827,26,335,26,335,26,335,26,335,26
335,335,26,335,26,2629230,26,335,26,335,26,335,26,335,26
335,335,25,335,26,2629634,26,335,26,335,26,335,26,335,25
335,335,26,335,26,2630038,26,335,26,335,26,335,26,335,26
335,335,26,335,26,2630441,26,335,26,335,26,335,26,335,26
335,335,26,335,26,2630845,26,335,26,335,26,335,26,335,26
335,335,25,335,26,2631249,26,335,26,335,26,335,26,335,26
335,335,26,335,26,2631653,26,335,26,335,25,335,26,335,26
335,335,26,335,26,2632056,26,335,26,335,26,335,26,335,26
335,335,26,335,26,2632460,26,335,26,335,26,335,26,335,26
335,335,26,335,26,2632864,26,335,26,335,26,335,26,335,26
335,335,25,335,26,2633268,26,335,26,335,26,335,26,335,26
335,335,26,335,26,2633671,26,335,26,335,26,335,26,335,26
335,335,26,335,26,2634076,26,335,26,335,26,335,26,335,26
335,335,26,335,26,2634479,26,335,26,335,26,335,26,335,26
335,335,26,335,26,2634883,26,335,26,335,26,335,26,335,26
335,335,26,335,26,2635287,26,335,26,335,26,335,26,335,26
335,335,26,335,25,2635691,25,335,26,335,25,335,26,335,26
335,335,26,335,26,2636094,26,335,26,335,26,335,26,335,26
335,335,26,335,26,2636498,26,335,26,335,26,335,26,335,26
335,335,25,335,26,2636902,26,335,26,335,26,335,26,335,26
335,335,25,335,26,2637305,26,335,26,335,26,335,26,335,26
335,335,26,335,26,2637709,26,335,26,335,26,335,26,335,26
335,335,26,335,26,2638113,25,335,26,335,26,335,26,335,26
335,335,26,335,26,2638517,26,335,26,335,25,335,26,335,26
335,335,25,335,26,2638920,26,335,26,335,25,335,26,335,26
335,335,26,335,26,2639325,26,335,26,335,26,335,25,335,26
335,335,25,335,26,2639728,25,335,26,335,26,335,26,335,26
335,335,26,335,26,2640132,26,335,26,335,26,335,26,335,26
335,335,25,335,26,2640536,26,335,26,335,25,335,26,335,26
335,335,26,335,26,2640940,26,335,26,335,26,335,26,335,25
335,335,26,335,26,2641343,26,335,26,335,25,335,26,335,26
335,335,26,335,26,2641746,26,335,26,335,26,335,26,335,26
335,335,25,335,25,2642151,25,335,26,335,25,335,26,335,26
335,335,26,335,26,2642554,26,335,26,335,25,335,25,335,26
335,335,26,335,26,2642958,25,335,26,335,26,335,26,335,26
335,335,26,335,26,2643362,26,335,26,335,26,335,26,335,26
335,335,26,335,26,2643766,26,335,26,335,25,335,26,335,26
335,335,25,335,26,2644169,26,335,26,335,26,335,26,335,26
335,335,26,335,26,2644574,26,335,26,335,26,335,26,335,26
335,335,25,335,26,2644977,26,335,26,335,26,335,26,335,26
335,335,26,335,26,2645381,26,335,26,335,26,335,26,335,25
335,335,26,335,26,2645785,26,335,26,335,26,335,26,335,26
335,335,26,335,25,2646189,26,335,26,335,26,335,26,335,26
335,335,26,335,26,2646592,25,335,26,335,25,335,26,335,26
335,335,25,335,26,2646995,26,335,26,335,26,335,26,335,26
335,335,26,335,26,2647400,26,335,26,335,26,335,26,335,26
335,335,26,335,26,2647803,26,335,26,335,26,335,26,335,26
335,335,26,335,26,2648207,26,335,26,335,26,335,25,335,26
335,335,26,335,26,2648611,26,335,26,335,26,335,26,335,26
335,335,26,335,26,2649015,26,335,26,335,26,335,26,335,26
335,335,26,335,26,2649418,26,335,26,335,26,335,26,335,26
335,335,26,335,26,2649823,25,335,26,335,26,335,26,335,26
335,335,26,335,26,2650226,26,335,26,335,26,335,26,335,26
335,335,25,335,26,2650630,26,335,26,335,26,335,26,335,26
335,335,26,335,25,2651033,26,335,26,335,26,335,26,335,26
335,335,25,335,26,2651438,25,335,26,335,26,335,26,335,26
335,335,26,335,26,2651841,26,335,26,335,26,335,26,335,26
335,335,26,335,26,2652244,26,335,26,335,26,335,26,335,26
335,335,26,335,26,2652649,26,335,26,335,26,335,26,335,26
335,335,25,335,26,2653052,25,335,25,335,25,335,26,335,26
335,335,25,335,26,2653456,26,335,26,335,26,335,26,335,26
335,335,26,335,26,2653860,26,335,26,335,26,335,26,335,26
335,335,26,335,26,2654264,26,335,26,335,26,335,26,335,26
335,335,26,335,26,2654667,26,335,26,335,25,335,26,335,26
335,335,25,335,26,2655071,26,335,25,335,26,335,26,335,26
335,335,25,335,26,2655475,26,335,26,335,26,335,26,335,26
335,335,25,335,26,2655879,26,335,26,335,25,335,26,335,26
335,335,26,335,26,2656282,26,335,26,335,26,335,26,335,26
335,335,25,335,26,2656687,26,335,25,335,26,335,26,335,25
335,335,25,335,26,2657090,26,335,26,335,26,335,26,335,26
335,335,26,335,26,2657494,25,335,26,335,26,335,26,335,26
335,335,25,335,26,2657898,26,335,26,335,26,335,26,335,26
335,335,25,335,26,2658301,26,335,26,335,26,335,26,335,26
335,335,25,335,26,2658705,26,335,26,335,26,335,25,335,25
335,335,25,335,26,2659108,25,335,26,335,26,335,26,335,26
335,335,26,335,26,2659513,26,335,26,335,26,335,26,335,26
335,335,26,335,26,2659916,26,335,26,335,26,335,26,335,26
335,335,25,335,26,2660320,26,335,25,335,26,335,26,335,26
335,335,25,335,26,2660724,26,335,26,335,26,335,26,335,26
335,335,26,335,26,2661128,25,335,26,335,26,335,26,335,26
335,335,25,335,26,2661531,26,335,26,335,26,335,26,335,26
335,335,26,335,26,2661936,26,335,26,335,26,335,26,335,26
335,335,25,335,26,2662339,25,335,26,335,26,335,25,335,26
335,335,25,335,26,2662743,26,335,26,335,26,335,26,335,26
335,335,25,335,26,2663147,26,335,26,335,25,335,26,335,26
335,335,26,335,26,2663550,26,335,26,335,26,335,26,335,26
335,335,25,335,26,2663954,25,335,26,335,26,335,26,335,26
335,335,25,335,26,2664357,25,335,25,335,26,335,26,335,25
335,335,26,335,26,2664762,25,335,26,335,26,335,26,335,26
335,335,26,335,26,2665165,26,335,26,335,25,335,26,335,26
335,335,25,335,26,2665569,26,335,26,335,25,335,26,335,26
335,335,25,335,26,2665973,26,335,26,335,25,335,26,335,26
335,335,25,335,26,2666377,25,335,26,335,25,335,26,335,26
335,335,26,335,26,2666780,26,335,26,335,26,335,26,335,26
335,335,26,335,26,2667185,26,335,26,335,26,335,26,335,25
335,335,25,335,26,2667588,26,335,25,335,26,335,26,335,26
335,335,26,335,26,2667992,26,335,26,335,26,335,26,335,26
335,335,25,335,26,2668395,25,335,26,335,26,335,26,335,26
335,335,26,335,25,2668800,26,335,26,335,26,335,26,335,25
335,335,26,335,26,2669203,26,335,25,335,25,335,25,335,26
335,335,25,335,25,2669606,26,335,25,335,26,335,25,335,26
335,335,26,335,26,2670011,26,335,26,335,26,335,26,335,26
335,335,26,335,26,2670414,25,335,25,335,26,335,26,335,26
335,335,25,335,26,2670818,26,335,25,335,26,335,26,335,25
335,335,26,335,26,2671222,26,335,25,335,25,335,26,335,26
335,335,26,335,25,2671626,25,335,26,335,25,335,26,335,25
335,335,25,335,26,2672029,25,335,26,335,26,335,26,335,26
335,335,26,335,26,2672433,25,335,26,335,26,335,26,335,25
335,335,25,335,26,2672837,26,335,25,335,26,335,26,335,26
335,335,25,335,26,2673241,26,335,25,335,25,335,25,335,26
335,335,26,335,25,2673644,26,335,26,335,26,335,26,335,26
335,335,25,335,26,2674049,26,335,26,335,26,335,26,335,26
335,335,26,335,26,2674452,26,335,25,335,26,335,26,335,26
335,335,25,335,26,2674855,25,335,25,335,25,335,26,335,26
335,335,25,335,26,2675260,26,335,25,335,26,335,26,335,26
335,335,26,335,26,2675663,25,335,25,335,26,335,25,335,25
335,335,26,335,25,2676067,25,335,26,335,26,335,26,335,25
335,335,25,335,26,2676470,25,335,26,335,25,335,26,335,26
335,335,25,335,26,2676875,26,335,26,335,26,335,26,335,26
335,335,25,335,26,2677278,26,335,26,335,26,335,25,335,26
335,335,26,335,26,2677682,25,335,26,335,26,335,25,335,26
335,335,25,335,25,2678086,25,335,26,335,26,335,26,335,26
335,335,26,335,25,2678490,25,335,25,335,25,335,25,335,26
335,335,26,335,25,2678893,26,335,25,335,26,335,25,335,25
335,335,25,335,25,2679298,26,335,25,335,26,335,26,335,26
335,335,25,335,26,2679701,25,335,26,335,25,335,26,335,25
335,335,26,335,25,2680104,25,335,25,335,26,335,25,335,25
335,335,26,335,25,2680509,25,335,25,335,25,335,25,335,25
335,335,25,335,26,2680912,26,335,26,335,25,335,25,335,26
335,335,25,335,26,2681316,26,335,25,335,25,335,25,335,25
335,335,25,335,25,2681719,26,335,26,335,25,335,26,335,26
335,335,25,335,25,2682124,25,335,25,335,26,335,26,335,26
335,335,25,335,25,2682527,25,335,26,335,25,335,26,335,26
335,335,25,335,26,2682931,25,335,25,335,25,335,26,335,25
335,335,25,335,26,2683335,26,335,25,335,26,335,25,335,26
335,335,25,335,25,2683739,26,335,26,335,26,335,25,335,26
335,335,25,335,25,2684142,25,335,26,335,26,335,25,335,25
335,335,25,335,26,2684547,26,335,26,335,26,335,25,335,25
335,335,25,335,26,2684950,25,335,25,335,26,335,26,335,25
335,335,25,335,26,2685353,26,335,25,335,25,335,25,335,25
335,335,25,335,26,2685757,25,335,25,335,25,335,26,335,25
335,335,25,335,25,2686161,26,335,25,335,25,335,25,335,26
335,335,25,335,26,2686565,25,335,25,335,26,335,26,335,26
335,335,25,335,25,2686968,26,335,26,335,26,335,25,335,25
335,335,25,335,25,2687373,25,335,25,335,26,335,26,335,25
335,335,25,335,26,2687776,25,335,25,335,26,335,25,335,25
335,335,25,335,26,2688180,26,335,25,335,25,335,26,335,25
335,335,25,335,25,2688584,25,335,25,335,25,335,26,335,26
335,335,25,335,26,2688988,25,335,25,335,26,335,26,335,26
335,335,25,335,26,2689391,26,335,25,335,26,335,26,335,25
335,335,25,335,25,2689795,25,335,25,335,25,335,26,335,25
335,335,25,335,25,2690199,25,335,25,335,25,335,25,335,25
335,335,25,335,26,2690603,26,335,25,335,25,335,25,335,25
335,335,25,335,26,2691006,26,335,26,335,25,335,25,335,26
335,335,26,335,25,2691410,26,335,25,335,26,335,25,335,25
335,335,25,335,26,2691814,25,335,26,335,25,335,26,335,26
335,335,25,335,26,2692217,25,335,25,335,25,335,25,335,25
335,335,26,335,25,2692622,25,335,25,335,25,335,26,335,26
335,335,25,335,25,2693025,26,335,25,335,25,335,25,335,25
335,335,25,335,25,2693429,25,335,26,335,25,335,25,335,25
335,335,25,335,26,2693833,25,335,26,335,25,335,26,335,25
335,335,25,335,25,2694237,25,335,25,335,25,335,25,335,25
335,335,25,335,25,2694640,25,335,26,335,26,335,26,335,26
335,335,25,335,26,2695044,25,335,25,335,25,335,25,335,26
335,335,25,335,25,2695448,26,335,25,335,25,335,25,335,26
335,335,25,335,26,2695852,25,335,25,335,25,335,25,335,26
335,335,25,335,25,2696255,25,335,25,335,25,335,25,335,26
335,335,25,335,25,2696659,25,335,25,335,25,335,25,335,25
335,335,25,335,26,2697063,26,335,25,335,25,335,25,335,26
335,335,25,335,25,2697466,25,335,26,335,25,335,26,335,25
335,335,25,335,25,2697871,26,335,25,335,26,335,26,335,25
335,335,25,335,25,2698274,25,335,25,335,26,335,25,335,26
335,335,25,335,25,2698678,25,335,26,335,25,335,26,335,25
335,335,25,335,26,2699081,25,335,26,335,25,335,26,335,25
335,335,25,335,26,2699486,26,335,25,335,25,335,25,335,26
335,335,25,335,26,2699889,25,335,26,335,26,335,25,335,25
335,335,25,335,26,2700293,25,335,25,335,25,335,25,335,25
335,335,25,335,25,2700697,26,335,25,335,25,335,25,335,25
335,335,26,335,25,2701101,25,335,25,335,25,335,25,335,25
335,335,25,335,26,2701504,26,335,25,335,26,335,25,335,26
335,335,25,335,25,2701908,25,335,25,335,26,335,25,335,25
335,335,25,335,26,2702312,26,335,26,335,25,335,25,335,25
335,335,26,335,25,2702715,25,335,26,335,25,335,25,335,26
335,335,25,335,25,2703119,25,335,26,335,25,335,25,335,25
335,335,26,335,26,2703523,25,335,25,335,25,335,26,335,25
335,335,25,335,25,2703927,25,335,25,335,26,335,25,335,26
335,335,25,335,25,2704330,25,335,25,335,26,335,25,335,26
335,335,25,335,25,2704735,25,335,25,335,26,335,26,335,25
335,335,25,335,26,2705138,25,335,26,335,26,335,26,335,25
335,335,25,335,26,2705542,25,335,25,335,26,335,25,335,25
335,335,25,335,25,2705946,25,335,25,335,26,335,25,335,25
335,335,25,335,26,2706350,25,335,25,335,26,335,25,335,25
335,335,25,335,26,2706753,26,335,25,335,25,335,26,335,25
335,335,25,335,25,2707158,26,335,25,335,25,335,25,335,26
335,335,25,335,26,2707561,25,335,25,335,25,335,25,335,25
335,335,25,335,25,2707964,25,335,25,335,25,335,25,335,25
335,335,25,335,25,2708368,25,335,25,335,25,335,25,335,25
335,335,25,335,25,2708772,25,335,25,335,25,335,25,335,25
335,335,25,335,26,2709176,25,335,25,335,25,335,25,335,26
335,335,25,335,25,2709579,26,335,25,335,25,335,25,335,25
335,335,25,335,25,2709984,25,335,25,335,25,335,25,335,25
335,335,25,335,25,2710387,25,335,25,335,25,335,25,335,26
335,335,25,335,26,2710791,25,335,25,335,25,335,26,335,25
335,335,25,335,26,2711195,25,335,25,335,26,335,25,335,25
335,335,25,335,26,2711599,25,335,25,335,25,335,25,335,25
335,335,25,335,25,2712002,25,335,25,335,26,335,25,335,25
335,335,25,335,25,2712406,25,335,25,335,25,335,25,335,25
335,335,25,335,26,2712810,25,335,25,335,25,335,25,335,25
335,335,25,335,26,2713213,26,335,25,335,25,335,25,335,25
335,335,25,335,25,2713617,25,335,26,335,25,335,26,335,26
335,335,25,335,26,2714021,26,335,26,335,25,335,25,335,25
335,335,25,335,25,2714425,25,335,25,335,25,335,26,335,25
335,335,26,335,25,2714828,26,335,25,335,26,335,25,335,25
335,335,25,335,26,2715233,26,335,25,335,26,335,25,335,25
335,335,25,335,26,2715636,25,335,25,335,26,335,25,335,25
335,335,25,335,26,2716040,25,335,25,335,26,335,26,335,25
335,335,25,335,25,2716443,25,335,26,335,25,335,25,335,26
335,335,25,335,25,2716848,26,335,25,335,26,335,25,335,26
335,335,25,335,25,2717251,25,335,26,335,25,335,25,335,25
335,335,25,335,25,2717655,25,335,25,335,25,335,26,335,26
335,335,25,335,25,2718059,25,335,25,335,25,335,26,335,25
335,335,25,335,26,2718462,26,335,26,335,25,335,25,335,25
335,335,25,335,25,2718866,25,335,26,335,25,335,25,335,26
335,335,25,335,25,2719270,25,335,26,335,25,335,25,335,25
335,335,25,335,25,2719674,25,335,25,335,26,335,26,335,25
335,335,25,335,26,2720077,25,335,25,335,25,335,25,335,25
335,335,25,335,26,2720482,25,335,26,335,25,335,25,335,26
335,335,25,335,26,2720885,26,335,25,335,25,335,26,335,26
335,335,25,335,25,2721289,25,335,26,335,25,335,25,335,25
335,335,25,335,25,2721692,26,335,25,335,26,335,25,335,25
335,335,25,335,25,2722097,25,335,26,335,26,335,26,335,25
335,335,25,335,26,2722500,26,335,25,335,25,335,25,335,25
335,335,25,335,25,2722904,25,335,25,335,25,335,25,335,26
335,335,25,335,25,2723308,25,335,26,335,25,335,25,335,25
335,335,25,335,25,2723712,25,335,25,335,25,335,25,335,26
335,335,25,335,26,2724115,26,335,25,335,25,335,25,335,26
335,335,25,335,26,2724519,25,335,25,335,25,335,26,335,26
335,335,26,335,25,2724923,25,335,25,335,25,335,25,335,26
335,335,25,335,25,2725326,25,335,26,335,26,335,25,335,25
335,335,25,335,25,2725730,25,335,25,335,26,335,25,335,25
335,335,25,335,25,2726134,26,335,25,335,25,335,25,335,25
335,335,26,335,25,2726538,25,335,25,335,25,335,25,335,26
335,335,25,335,25,2726941,26,335,25,335,25,335,25,335,25
335,335,25,335,26,2727346,26,335,26,335,25,335,25,335,25
335,335,25,335,25,2727749,25,335,25,335,25,335,25,335,25
335,335,26,335,25,2728153,25,335,25,335,26,335,25,335,25
335,335,25,335,25,2728557,25,335,25,335,25,335,25,335,25
335,335,25,335,25,2728961,25,335,26,335,25,335,25,335,25
335,335,25,335,26,2729364,25,335,25,335,26,335,26,335,26
335,335,25,335,25,2729767,25,335,25,335,25,335,26,335,25
335,335,25,335,25,2730172,25,335,25,335,25,335,25,335,26
335,335,25,335,25,2730575,25,335,25,335,26,335,25,335,25
335,335,25,335,25,2730979,25,335,25,335,25,335,26,335,25
335,335,26,335,25,2731383,25,335,25,335,26,335,25,335,26
335,335,25,335,26,2731787,25,335,25,335,26,335,25,335,25
335,335,25,335,25,2732190,25,335,25,335,25,335,25,335,25
335,335,25,335,25,2732595,26,335,25,335,26,335,25,335,25
335,335,25,335,25,2732998,25,335,25,335,25,335,25,335,25
335,335,25,335,25,2733402,26,335,25,335,25,335,25,335,26
335,335,25,335,25,2733805,25,335,25,335,25,335,25,335,25
335,335,25,335,26,2734210,25,335,25,335,26,335,25,335,26
335,335,25,335,25,2734613,25,335,26,335,26,335,25,335,25
335,335,25,335,25,2735016,25,335,25,335,26,335,25,335,25
335,335,25,335,25,2735421,25,335,26,335,26,335,25,335,26
335,335,25,335,25,2735824,25,335,25,335,25,335,26,335,26
335,335,25,335,25,2736228,25,335,26,335,26,335,26,335,25
335,335,25,335,26,2736632,26,335,26,335,25,335,26,335,25
335,335,25,335,25,2737036,26,335,25,335,25,335,25,335,25
335,335,25,335,25,2737439,25,335,26,335,25,335,25,335,25
335,335,25,335,25,2737844,25,335,25,335,26,335,26,335,25
335,335,26,335,25,2738247,25,335,25,335,26,335,25,335,25
335,335,25,335,25,2738651,25,335,25,335,26,335,25,335,26
335,335,25,335,25,2739054,26,335,25,335,25,335,25,335,25
335,335,25,335,26,2739459,25,335,25,335,25,335,26,335,26
335,335,25,335,25,2739862,25,335,25,335,25,335,25,335,25
335,335,26,335,25,2740265,25,335,25,335,26,335,25,335,25
335,335,25,335,25,2740670,25,335,25,335,25,335,25,335,26
335,335,25,335,26,2741073,25,335,26,335,25,335,25,335,25
335,335,25,335,25,2741477,25,335,25,335,25,335,26,335,25
335,335,26,335,25,2741881,25,335,25,335,25,335,25,335,26
335,335,25,335,25,2742285,25,335,25,335,26,335,25,335,25
335,335,26,335,26,2742688,25,335,25,335,25,335,26,335,25
335,335,25,335,25,2743092,25,335,25,335,25,335,26,335,26
335,335,25,335,26,2743496,26,335,25,335,25,335,25,335,25
335,335,25,335,25,2743900,25,335,26,335,25,335,26,335,25
335,335,25,335,25,2744303,25,335,25,335,25,335,25,335,25
335,335,25,335,25,2744708,25,335,25,335,25,335,25,335,25
335,335,25,335,26,2745111,26,335,25,335,25,335,26,335,25
335,335,25,335,25,2745515,26,335,26,335,25,335,25,335,25
335,335,25,335,25,2745919,25,335,25,335,26,335,25,335,26
335,335,25,335,25,2746322,25,335,25,335,25,335,25,335,25
335,335,25,335,26,2746726,25,335,25,335,25,335,25,335,25
335,335,25,335,26,2747129,25,335,25,335,25,335,25,335,26
335,335,25,335,25,2747534,25,335,25,335,26,335,25,335,26
335,335,25,335,25,2747937,25,335,25,335,26,335,25,335,25
335,335,25,335,25,2748341,25,335,25,335,25,335,25,335,25
335,335,25,335,25,2748745,25,335,25,335,25,335,26,335,25
335,335,25,335,25,2749149,25,335,26,335,25,335,26,335,25
335,335,25,335,25,2749552,25,335,26,335,25,335,25,335,26
335,335,25,335,25,2749957,25,335,25,335,25,335,25,335,25
335,335,25,335,25,2750360,25,335,25,335,25,335,26,335,26
335,335,25,335,25,2750764,25,335,25,335,25,335,25,335,25
335,335,25,335,25,2751168,25,335,25,335,25,335,26,335,25
335,335,25,335,26,2751571,26,335,25,335,25,335,26,335,25
335,335,25,335,25,2751975,25,335,25,335,25,335,26,335,25
335,335,25,335,26,2752378,25,335,25,335,25,335,25,335,26
335,335,25,335,25,2752783,26,335,25,335,25,335,26,335,25
335,335,25,335,26,2753186,25,335,25,335,25,335,25,335,25
335,335,25,335,25,2753590,25,335,26,335,25,335,25,335,26
335,335,25,335,25,2753994,25,335,25,335,25,335,26,335,25
335,335,25,335,25,2754398,25,335,25,335,25,335,25,335,25
335,335,26,335,25,2754801,25,335,25,335,26,335,26,335,25
335,335,25,335,25,2755206,26,335,25,335,25,335,25,335,25
335,335,25,335,25,2755609,26,335,25,335,25,335,26,335,25
335,335,25,335,25,2756013,25,335,25,335,25,335,25,335,25
335,335,25,335,25,2756416,25,335,26,335,25,335,26,335,25
335,335,25,335,25,2756820,25,335,26,335,25,335,25,335,25
335,335,25,335,25,2757224,25,335,25,335,25,335,25,335,25
335,335,25,335,25,2757627,25,335,25,335,25,335,25,335,25
335,335,25,335,25,2758032,26,335,25,335,25,335,25,335,26
335,335,25,335,26,2758435,25,335,25,335,25,335,26,335,25
335,335,25,335,25,2758839,25,335,26,335,25,335,25,335,26
335,335,25,335,25,2759243,25,335,25,335,26,335,25,335,25
335,335,25,335,26,2759647,25,335,25,335,25,335,26,335,25
335,335,25,335,25,2760050,25,335,25,335,25,335,25,335,26
335,335,25,335,25,2760455,25,335,26,335,25,335,25,335,25
335,335,25,335,25,2760858,25,335,25,335,25,335,25,335,25
335,335,25,335,25,2761262,25,335,25,335,25,335,26,335,25
335,335,25,335,26,2761665,25,335,25,335,25,335,25,335,25
335,335,25,335,26,2762070,25,335,25,335,25,335,25,335,25
335,335,25,335,25,2762473,25,335,26,335,25,335,25,335,25
335,335,25,335,25,2762876,25,335,25,335,25,335,25,335,25
335,335,25,335,25,2763281,25,335,25,335,25,335,25,335,25
335,335,25,335,26,2763684,25,335,25,335,26,335,25,335,25
335,335,25,335,25,2764088,25,335,25,335,25,335,25,335,25
335,335,25,335,25,2764492,26,335,25,335,25,335,25,335,25
335,335,25,335,25,2764896,26,335,26,335,25,335,25,335,25
335,335,25,335,25,2765299,25,335,26,335,25,335,25,335,25
335,335,26,335,25,2765703,25,335,25,335,25,335,26,335,25
335,335,25,335,26,2766107,26,335,26,335,25,335,25,335,25
335,335,25,335,25,2766511,25,335,25,335,25,335,26,335,25
335,335,25,335,25,2766914,26,335,25,335,25,335,25,335,25
335,335,25,335,26,2767319,26,335,26,335,25,335,25,335,25
335,335,25,335,25,2767722,25,335,25,335,25,335,25,335,25
335,335,26,335,25,2768125,26,335,25,335,26,335,25,335,25
335,335,25,335,26,2768530,25,335,25,335,25,335,25,335,25
335,335,25,335,25,2768933,25,335,26,335,25,335,26,335,25
335,335,25,335,26,2769337,25,335,25,335,25,335,25,335,26
335,335,25,335,25,2769740,25,335,25,335,26,335,25,335,26
335,335,25,335,25,2770145,25,335,26,335,26,335,26,335,26
335,335,25,335,25,2770548,25,335,25,335,25,335,26,335,25
335,335,25,335,25,2770952,25,335,26,335,26,335,26,335,25
335,335,26,335,25,2771356,25,335,25,335,25,335,26,335,25
335,335,25,335,25,2771760,25,335,25,335,26,335,26,335,25
335,335,25,335,25,2772163,25,335,25,335,25,335,26,335,25
335,335,25,335,25,2772568,26,335,25,335,25,335,25,335,25
335,335,25,335,25,2772971,25,335,25,335,25,335,26,335,25
335,335,25,335,26,2773374,25,335,25,335,25,335,25,335,25
335,335,25,335,26,2773779,25,335,25,335,25,335,25,335,26
335,335,25,335,25,2774182,25,335,25,335,25,335,25,335,26
335,335,25,335,25,2774586,25,335,25,335,25,335,25,335,26
335,335,25,335,25,2774989,25,335,25,335,26,335,25,335,25
335,335,26,335,25,2775394,25,335,25,335,25,335,25,335,25
335,335,25,335,26,2775797,25,335,25,335,25,335,25,335,26
335,335,25,335,25,2776201,25,335,25,335,25,335,25,335,25
335,335,25,335,25,2776605,25,335,25,335,25,335,25,335,25
335,335,25,335,25,2777009,25,335,25,335,25,335,26,335,25
335,335,25,335,26,2777412,25,335,25,335,25,335,25,335,25
335,335,25,335,25,2777817,25,335,25,335,25,335,25,335,25
335,335,25,335,26,2778220,25,335,25,335,25,335,25,335,26
335,335,25,335,25,2778624,25,335,25,335,25,335,25,335,26
335,335,25,335,26,2779027,25,335,25,335,26,335,25,335,25
335,335,25,335,25,2779431,25,335,25,335,25,335,25,335,25
335,335,26,335,25,2779835,25,335,25,335,25,335,25,335,26
335,335,25,335,25,2780238,25,335,25,335,25,335,25,335,25
335,335,25,335,25,2780643,25,335,25,335,25,335,26,335,25
335,335,25,335,25,2781046,25,335,25,335,25,335,25,335,25
335,335,25,335,25,2781450,25,335,25,335,25,335,25,335,25
335,335,25,335,25,2781854,25,335,25,335,25,335,25,335,25
335,335,25,335,25,2782258,25,335,25,335,26,335,25,335,25
335,335,25,335,26,2782661,25,335,25,335,25,335,25,335,25
335,335,25,335,25,2783065,25,335,25,335,25,335,25,335,25
335,335,25,335,25,2783469,25,335,25,335,25,335,25,335,25
335,335,25,335,26,2783873,25,335,25,335,25,335,25,335,25
335,335,25,335,25,2784276,25,335,25,335,25,335,25,335,25
335,335,25,335,25,2784680,25,335,25,335,26,335,25,335,25
335,335,25,335,26,2785084,25,335,25,335,25,335,25,335,25
335,335,25,335,26,2785487,26,335,25,335,25,335,26,335,25
335,335,25,335,25,2785892,25,335,25,335,25,335,25,335,25
335,335,25,335,25,2786295,25,335,25,335,25,335,25,335,25
335,335,25,335,25,2786699,25,335,25,335,26,335,25,335,25
335,335,25,335,25,2787103,25,335,25,335,26,335,25,335,25
335,335,25,335,25,2787507,25,335,25,335,25,335,25,335,25
335,335,25,335,25,2787910,25,335,25,335,25,335,25,335,26
335,335,25,335,25,2788314,25,335,25,335,26,335,26,335,25
335,335,25,335,25,2788718,25,335,26,335,25,335,25,335,25
335,335,25,335,25,2789122,25,335,25,335,25,335,26,335,25
335,335,25,335,26,2789525,25,335,25,335,25,335,26,335,25
335,335,25,335,25,2789929,26,335,25,335,25,335,25,335,25
335,335,25,335,26,2790333,25,335,26,335,25,335,25,335,25
335,335,25,335,25,2790736,25,335,25,335,25,335,25,335,25
335,335,25,335,25,2791141,25,335,25,335,25,335,25,335,25
335,335,25,335,25,2791544,26,335,25,335,26,335,25,335,25
335,335,25,335,25,2791948,25,335,25,335,25,335,26,335,25
335,335,25,335,25,2792351,25,335,25,335,25,335,26,335,25
335,335,26,335,25,2792756,25,335,25,335,26,335,25,335,25
335,335,25,335,25,2793159,25,335,25,335,25,335,25,335,25
335,335,25,335,25,2793563,25,335,25,335,25,335,25,335,26
335,335,25,335,26,2793967,25,335,25,335,25,335,25,335,25
335,335,25,335,25,2794371,25,335,25,335,25,335,25,335,25
335,335,25,335,25,2794774,25,335,25,335,25,335,26,335,25
335,335,25,335,25,2795179,26,335,25,335,26,335,25,335,25
335,335,25,335,25,2795582,26,335,25,335,25,335,26,335,26
335,335,25,335,26,2795985,26,335,26,335,25,335,25,335,25
335,335,25,335,25,2796389,25,335,26,335,25,335,25,335,25
335,335,25,335,25,2796793,25,335,26,335,26,335,25,335,25
335,335,26,335,25,2797197,25,335,25,335,25,335,25,335,26
335,335,25,335,25,2797600,26,335,25,335,26,335,25,335,26
335,335,25,335,25,2798005,25,335,25,335,26,335,25,335,25
335,335,25,335,25,2798408,25,335,25,335,25,335,26,335,25
335,335,25,335,25,2798812,25,335,25,335,25,335,25,335,25
335,335,25,335,25,2799216,25,335,25,335,25,335,25,335,25
335,335,25,335,25,2799620,25,335,25,335,25,335,25,335,25
335,335,25,335,25,2800023,25,335,26,335,25,335,25,335,25
335,335,25,335,25,2800428,25,335,25,335,25,335,25,335,26
335,335,25,335,25,2800831,26,335,26,335,25,335,25,335,25
335,335,25,335,25,2801234,25,335,25,335,25,335,25,335,25
335,335,25,335,25,2801638,25,335,25,335,25,335,26,335,25
335,335,25,335,26,2802042,26,335,25,335,25,335,26,335,25
335,335,25,335,25,2802446,25,335,26,335,25,335,25,335,25
335,335,25,335,25,2802849,25,335,26,335,25,335,25,335,25
335,335,25,335,25,2803254,25,335,26,335,25,335,25,335,25
335,335,25,335,26,2803657,26,335,25,335,25,335,25,335,25
335,335,25,335,25,2804061,25,335,25,335,25,335,25,335,25
335,335,25,335,25,2804465,25,335,26,335,25,335,25,335,26
335,335,25,335,25,2804869,25,335,25,335,26,335,26,335,25
335,335,25,335,25,2805272,25,335,25,335,25,335,26,335,26
335,335,25,335,26,2805676,25,335,25,335,26,335,25,335,26
335,335,25,335,25,2806080,25,335,25,335,26,335,25,335,26
335,335,25,335,25,2806483,25,335,25,335,25,335,25,335,25
335,335,25,335,25,2806887,25,335,26,335,25,335,25,335,25
335,335,25,335,26,2807291,25,335,25,335,25,335,25,335,26
335,335,25,335,26,2807695,26,335,25,335,25,335,25,335,25
335,335,25,335,26,2808098,25,335,25,335,25,335,25,335,25
335,335,25,335,25,2808503,26,335,25,335,25,335,25,335,25
335,335,25,335,25,2808906,25,335,26,335,25,335,26,335,26
335,335,26,335,25,2809310,26,335,25,335,25,335,25,335,25
335,335,25,335,25,2809713,25,335,25,335,25,335,25,335,25
335,335,25,335,25,2810118,25,335,25,335,25,335,25,335,25
335,335,25,335,26,2810521,25,335,26,335,25,335,25,335,25
335,335,25,335,25,2810925,26,335,25,335,25,335,25,335,26
335,335,25,335,26,2811329,25,335,25,335,25,335,25,335,25
335,335,25,335,25,2811732,25,335,25,335,25,335,25,335,25
335,335,25,335,25,2812136,25,335,25,335,25,335,25,335,25
335,335,26,335,26,2812540,25,335,25,335,25,335,26,335,25
335,335,25,335,25,2812944,25,335,25,335,25,335,25,335,25
335,335,25,335,25,2813347,25,335,25,335,25,335,25,335,25
335,335,25,335,25,2813752,25,335,26,335,25,335,25,335,25
335,335,25,335,26,2814155,25,335,25,335,26,335,25,335,25
335,335,25,335,25,2814559,25,335,25,335,26,335,25,335,25
335,335,25,335,25,2814962,26,335,25,335,25,335,25,335,26
335,335,25,335,26,2815367,25,335,25,335,25,335,26,335,25
335,335,25,335,25,2815770,26,335,25,335,25,335,25,335,25
335,335,25,335,25,2816174,26,335,25,335,25,335,25,335,25
335,335,25,335,25,2816578,25,335,25,335,26,335,25,335,25
335,335,25,335,25,2816982,25,335,25,335,25,335,25,335,25
335,335,25,335,25,2817385,26,335,25,335,25,335,25,335,25
335,335,25,335,25,2817789,25,335,25,335,25,335,25,335,25
335,335,25,335,25,2818193,25,335,25,335,25,335,25,335,26
335,335,25,335,25,2818596,25,335,25,335,25,335,25,335,25
335,335,25,335,25,2819000,26,335,25,335,26,335,25,335,25
335,335,25,335,25,2819404,25,335,25,335,25,335,25,335,25
335,335,25,335,25,2819808,26,335,25,335,25,335,25,335,25
335,335,25,335,25,2820211,25,335,25,335,25,335,25,335,26
335,335,25,335,25,2820616,25,335,25,335,25,335,25,335,25
335,335,25,335,25,2821019,25,335,25,335,25,335,25,335,25
335,335,25,335,25,2821423,26,335,25,335,25,335,25,335,25
335,335,25,335,26,2821827,25,335,25,335,25,335,25,335,25
335,335,25,335,25,2822231,25,335,25,335,25,335,25,335,25
335,335,25,335,25,2822634,25,335,25,335,26,335,25,335,25
335,335,25,335,25,2823037,25,335,25,335,26,335,25,335,25
335,335,25,335,25,2823442,25,335,25,335,25,335,25,335,25
335,335,25,335,25,2823845,25,335,25,335,25,335,25,335,25
335,335,25,335,25,2824249,26,335,25,335,26,335,26,335,26
335,335,25,335,25,2824653,25,335,25,335,26,335,25,335,25
335,335,25,335,25,2825057,25,335,25,335,25,335,26,335,25
335,335,25,335,25,2825460,25,335,25,335,26,335,25,335,25
335,335,25,335,25,2825865,25,335,25,335,26,335,25,335,25
335,335,25,335,26,2826268,25,335,25,335,25,335,25,335,25
335,335,25,335,25,2826672,25,335,25,335,25,335,25,335,25
335,335,25,335,25,2827076,26,335,25,335,25,335,25,335,25
335,335,25,335,25,2827480,25,335,25,335,25,335,25,335,25
335,335,25,335,25,2827883,25,335,25,335,25,335,25,335,26
335,335,25,335,25,2828286,25,335,25,335,25,335,25,335,25
335,335,25,335,25,2828691,25,335,25,335,25,335,25,335,26
335,335,25,335,25,2829094,26,335,25,335,26,335,25,335,26
335,335,25,335,25,2829498,25,335,25,335,25,335,25,335,25
335,335,25,335,26,2829902,26,335,25,335,26,335,25,335,25
335,335,25,335,25,2830306,26,335,25,335,25,335,25,335,25
335,335,25,335,25,2830709,25,335,25,335,25,335,25,335,25
335,335,25,335,25,2831114,25,335,26,335,25,335,26,335,26
335,335,25,335,25,2831517,25,335,25,335,25,335,25,335,25
335,335,25,335,26,2831921,25,335,25,335,25,335,25,335,25
335,335,25,335,25,2832324,26,335,25,335,25,335,25,335,25
335,335,25,335,26,2832729,25,335,26,335,25,335,26,335,25
335,335,25,335,25,2833132,25,335,25,335,26,335,25,335,25
335,335,25,335,25,2833536,25,335,25,335,25,335,25,335,25
335,335,25,335,26,2833940,25,335,25,335,25,335,25,335,25
335,335,25,335,25,2834343,25,335,26,335,25,335,25,335,25
335,335,25,335,25,2834747,25,335,25,335,25,335,25,335,26
335,335,25,335,25,2835151,25,335,25,335,26,335,25,335,25
335,335,25,335,25,2835555,25,335,26,335,25,335,26,335,25
335,335,25,335,26,2835958,26,335,25,335,25,335,26,335,25
335,335,25,335,25,2836362,26,335,26,335,25,335,26,335,25
335,335,25,335,25,2836766,26,335,26,335,25,335,25,335,26
335,335,25,335,25,2837170,25,335,26,335,25,335,26,335,25
335,335,25,335,25,2837573,25,335,26,335,25,335,26,335,25
335,335,25,335,26,2837978,26,335,25,335,25,335,26,335,25
335,335,25,335,25,2838381,26,335,25,335,26,335,25,335,25
335,335,26,335,26,2838785,25,335,25,335,26,335,25,335,25
335,335,25,335,25,2839189,25,335,25,335,26,335,25,335,25
335,335,25,335,26,2839592,25,335,25,335,25,335,25,335,26
335,335,25,335,25,2839996,25,335,26,335,25,335,25,335,25
335,335,25,335,26,2840399,25,335,26,335,25,335,25,335,25
335,335,26,335,25,2840804,25,335,26,335,26,335,25,335,26
335,335,25,335,25,2841207,25,335,26,335,25,335,26,335,25
335,335,25,335,26,2841611,25,335,25,335,26,335,25,335,26
335,335,25,335,26,2842015,25,335,25,335,26,335,25,335,25
335,335,25,335,25,2842419,25,335,25,335,26,335,26,335,25
335,335,25,335,25,2842822,25,335,25,335,26,335,26,335,25
335,335,26,335,25,2843227,25,335,26,335,25,335,26,335,25
335,335,25,335,25,2843630,26,335,26,335,25,335,25,335,25
335,335,25,335,26,2844034,25,335,25,335,25,335,25,335,25
335,335,25,335,25,2844438,25,335,25,335,26,335,25,335,25
335,335,25,335,25,2844841,25,335,26,335,26,335,26,335,26
335,335,25,335,25,2845245,25,335,25,335,25,335,25,335,26
335,335,25,335,25,2845648,25,335,25,335,25,335,26,335,26
335,335,25,335,25,2846053,25,335,25,335,25,335,25,335,26
335,335,25,335,26,2846456,25,335,25,335,26,335,26,335,26
335,335,25,335,25,2846860,26,335,25,335,25,335,25,335,25
335,335,25,335,25,2847264,25,335,25,335,26,335,25,335,25
335,335,25,335,26,2847668,26,335,26,335,25,335,25,335,25
335,335,25,335,25,2848071,25,335,26,335,25,335,25,335,25
335,335,25,335,26,2848476,25,335,26,335,25,335,25,335,25
335,335,25,335,25,2848879,25,335,25,335,25,335,25,335,25
335,335,25,335,25,2849283,25,335,25,335,26,335,26,335,25
335,335,25,335,25,2849686,25,335,25,335,25,335,25,335,25
335,335,25,335,25,2850091,25,335,25,335,26,335,25,335,26
335,335,25,335,25,2850494,26,335,25,335,25,335,25,335,25
335,335,25,335,25,2850897,26,335,25,335,25,335,25,335,25
335,335,25,335,26,2851302,25,335,25,335,25,335,25,335,25
335,335,25,335,25,2851705,25,335,25,335,26,335,25,335,25
335,335,25,335,26,2852109,25,335,25,335,25,335,25,335,25
335,335,25,335,25,2852513,25,335,25,335,26,335,25,335,25
335,335,25,335,25,2852917,25,335,25,335,25,335,26,335,25
335,335,25,335,25,2853320,26,335,25,335,25,335,25,335,25
335,335,25,335,25,2853724,25,335,25,335,25,335,26,335,26
335,335,25,335,25,2854128,26,335,25,335,25,335,25,335,26
335,335,25,335,26,2854532,25,335,25,335,25,335,26,335,25
335,335,25,335,26,2854935,25,335,25,335,26,335,25,335,25
335,335,25,335,25,2855340,25,335,25,335,25,335,26,335,25
335,335,25,335,25,2855743,26,335,25,335,25,335,26,335,25
335,335,25,335,26,2856146,25,335,25,335,25,335,25,335,26
335,335,25,335,26,2856551,25,335,25,335,26,335,25,335,26
335,335,25,335,25,2856954,26,335,26,335,25,335,25,335,25
335,335,25,335,26,2857358,25,335,26,335,25,335,26,335,26
335,335,25,335,26,2857762,25,335,26,335,25,335,26,335,25
335,335,25,335,25,2858166,26,335,25,335,26,335,26,335,26
335,335,25,335,26,2858569,25,335,25,335,26,335,25,335,26
335,335,25,335,25,2858973,25,335,26,335,25,335,25,335,26
335,335,25,335,25,2859377,25,335,25,335,25,335,25,335,25
335,335,25,335,25,2859781,25,335,25,335,25,335,26,335,25
335,335,25,335,26,2860184,26,335,25,335,26,335,26,335,25
335,335,25,335,25,2860589,25,335,25,335,26,335,25,335,25
335,335,25,335,25,2860992,25,335,25,335,25,335,26,335,26
335,335,25,335,25,2861395,25,335,25,335,25,335,25,335,26
335,335,25,335,26,2861800,26,335,25,335,26,335,25,335,25
335,335,25,335,25,2862203,25,335,26,335,26,335,25,335,25
335,335,25,335,25,2862607,26,335,25,335,25,335,25,335,25
335,335,25,335,26,2863010,26,335,25,335,25,335,25,335,25
335,335,25,335,25,2863415,25,335,25,335,25,335,25,335,25
335,335,25,335,26,2863818,25,335,25,335,25,335,25,335,25
335,335,25,335,25,2864222,25,335,25,335,25,335,25,335,25
335,335,26,335,25,2864626,25,335,25,335,25,335,25,335,26
335,335,25,335,25,2865030,25,335,26,335,25,335,25,335,25
335,335,25,335,25,2865433,25,335,26,335,25,335,25,335,25
335,335,25,335,25,2865838,25,335,25,335,25,335,25,335,25
335,335,25,335,25,2866241,26,335,25,335,25,335,26,335,25
335,335,25,335,26,2866644,25,335,25,335,25,335,25,335,25
335,335,25,335,25,2867049,25,335,25,335,25,335,25,335,25
335,335,25,335,25,2867452,25,335,25,335,25,335,25,335,25
335,335,25,335,25,2867856,25,335,25,335,25,335,25,335,26
335,335,25,335,25,2868259,25,335,25,335,25,335,26,335,25
335,335,25,335,26,2868664,25,335,26,335,25,335,25,335,25
335,335,25,335,25,2869067,25,335,25,335,25,335,25,335,25
335,335,25,335,25,2869471,25,335,25,335,25,335,25,335,26
335,335,25,335,25,2869875,26,335,25,335,25,335,25,335,26
335,335,25,335,26,2870279,25,335,26,335,25,335,26,335,25
335,335,25,335,26,2870682,26,335,25,335,25,335,25,335,25
335,335,25,335,25,2871087,25,335,25,335,26,335,25,335,25
335,335,25,335,25,2871490,25,335,25,335,26,335,26,335,25
335,335,25,335,26,2871894,26,335,25,335,26,335,26,335,25
335,335,25,335,25,2872297,25,335,25,335,25,335,25,335,25
335,335,25,335,26,2872701,25,335,25,335,25,335,25,335,26
335,335,25,335,25,2873105,25,335,25,335,25,335,25,335,26
335,335,25,335,25,2873508,25,335,26,335,25,335,25,335,25
335,335,25,335,25,2873913,26,335,25,335,25,335,25,335,25
335,335,26,335,26,2874316,25,335,25,335,25,335,25,335,26
335,335,25,335,26,2874720,26,335,25,335,25,335,25,335,25
335,335,25,335,25,2875124,25,335,25,335,25,335,25,335,26
335,335,25,335,25,2875528,25,335,25,335,25,335,25,335,26
335,335,25,335,25,2875931,25,335,26,335,25,335,25,335,25
335,335,25,335,25,2876335,25,335,26,335,25,335,26,335,25
335,335,25,335,25,2876739,25,335,25,335,25,335,25,335,26
335,335,26,335,25,2877143,25,335,26,335,25,335,26,335,26
335,335,25,335,26,2877546,25,335,25,335,25,335,25,335,25
335,335,25,335,26,2877950,26,335,25,335,25,335,26,335,26
335,335,25,335,26,2878354,25,335,26,335,25,335,25,335,25
335,335,25,335,25,2878757,25,335,25,335,26,335,25,335,25
335,335,25,335,25,2879162,25,335,25,335,26,335,26,335,25
335,335,25,335,26,2879565,25,335,26,335,26,335,25,335,26
335,335,25,335,26,2879969,25,335,26,335,25,335,25,335,25
335,335,25,335,25,2880373,25,335,25,335,26,335,25,335,25
335,335,25,335,25,2880777,25,335,26,335,25,335,25,335,25
335,335,25,335,26,2881180,25,335,25,335,25,335,26,335,26
335,335,25,335,26,2881584,25,335,25,335,25,335,25,335,25
335,335,25,335,25,2881988,25,335,25,335,26,335,25,335,26
335,335,25,335,25,2882392,25,335,26,335,25,335,25,335,25
335,335,25,335,25,2882795,25,335,26,335,26,335,26,335,25
335,335,26,335,25,2883200,25,335,25,335,25,335,25,335,26
335,335,25,335,25,2883603,26,335,26,335,25,335,25,335,25
335,335,25,335,25,2884006,25,335,25,335,25,335,25,335,25
335,335,25,335,25,2884411,25,335,25,335,26,335,25,335,25
335,335,25,335,25,2884814,26,335,26,335,26,335,25,335,25
335,335,26,335,25,2885218,26,335,25,335,25,335,25,335,26
335,335,25,335,25,2885621,25,335,25,335,25,335,25,335,25
335,335,25,335,25,2886026,25,335,25,335,25,335,25,335,26
335,335,25,335,25,2886429,25,335,26,335,26,335,25,335,25
335,335,25,335,25,2886833,25,335,25,335,26,335,25,335,25
335,335,25,335,25,2887237,25,335,25,335,26,335,25,335,25
335,335,25,335,26,2887641,25,335,25,335,25,335,26,335,25
335,335,25,335,25,2888044,25,335,25,335,25,335,25,335,26
335,335,25,335,26,2888449,25,335,25,335,25,335,25,335,26
335,335,25,335,25,2888852,26,335,26,335,25,335,25,335,25
335,335,25,335,25,2889255,26,335,25,335,25,335,25,335,25
335,335,25,335,25,2889659,25,335,26,335,25,335,25,335,25
335,335,25,335,25,2890063,25,335,25,335,25,335,25,335,25
335,335,25,335,25,2890467,25,335,26,335,25,335,25,335,25
335,335,25,335,25,2890870,26,335,25,335,25,335,26,335,25
335,335,25,335,25,2891275,25,335,26,335,25,335,25,335,25
335,335,25,335,26,2891678,25,335,26,335,25,335,25,335,25
335,335,25,335,25,2892082,25,335,26,335,25,335,26,335,26
335,335,25,335,25,2892486,25,335,26,335,25,335,25,335,25
335,335,25,335,25,2892890,25,335,25,335,25,335,25,335,25
335,335,25,335,26,2893293,25,335,25,335,25,335,25,335,25
335,335,25,335,26,2893698,25,335,25,335,25,335,25,335,26
335,335,25,335,25,2894101,26,335,26,335,25,335,26,335,25
335,335,25,335,26,2894504,25,335,25,335,25,335,25,335,25
335,335,25,335,25,2894908,25,335,25,335,25,335,25,335,25
335,335,25,335,25,2895312,25,335,25,335,25,335,26,335,25
335,335,25,335,25,2895716,26,335,25,335,26,335,26,335,25
335,335,25,335,25,2896119,25,335,25,335,25,335,25,335,25
335,335,25,335,25,2896524,25,335,25,335,25,335,26,335,25
335,335,25,335,25,2896927,25,335,26,335,25,335,25,335,25
335,335,25,335,25,2897331,25,335,25,335,25,335,25,335,25
335,335,25,335,25,2897735,26,335,25,335,25,335,25,335,25
335,335,25,335,25,2898139,25,335,26,335,26,335,26,335,25
335,335,25,335,26,2898542,25,335,25,335,25,335,25,335,26
335,335,25,335,25,2898946,26,335,25,335,25,335,25,335,25
335,335,25,335,25,2899350,25,335,26,335,25,335,25,335,25
335,335,25,335,26,2899753,25,335,25,335,25,335,25,335,26
335,335,25,335,25,2900157,25,335,26,335,25,335,26,335,26
335,335,25,335,26,2900561,25,335,25,335,26,335,25,335,25
335,335,25,335,25,2900965,25,335,25,335,26,335,25,335,25
335,335,25,335,25,2901368,26,335,25,335,25,335,26,335,26
335,335,25,335,25,2901773,26,335,25,335,25,335,25,335,26
335,335,25,335,25,2902176,25,335,25,335,25,335,25,335,25
335,335,25,335,25,2902580,25,335,25,335,26,335,25,335,25
335,335,25,335,25,2902983,25,335,25,335,25,335,25,335,25
335,335,25,335,25,2903388,25,335,25,335,25,335,25,335,25
335,335,25,335,25,2903791,25,335,25,335,25,335,25,335,26
335,335,25,335,26,2904195,25,335,25,335,25,335,25,335,25
335,335,25,335,25,2904599,25,335,25,335,25,335,26,335,26
335,335,25,335,25,2905003,25,335,25,335,25,335,25,335,25
335,335,25,335,25,2905406,26,335,25,335,25,335,25,335,25
335,335,25,335,25,2905810,26,335,25,335,25,335,26,335,26
335,335,25,335,25,2906214,25,335,26,335,25,335,25,335,25
335,335,25,335,25,2906617,25,335,25,335,25,335,25,335,25
335,335,25,335,25,2907021,26,335,26,335,25,335,25,335,25
335,335,25,335,25,2907425,26,335,25,335,25,335,25,335,25
335,335,25,335,25,2907829,25,335,26,335,25,335,25,335,25
335,335,25,335,25,2908232,25,335,25,335,25,335,25,335,25
335,335,26,335,25,2908637,25,335,26,335,25,335,25,335,25
335,335,25,335,25,2909040,25,335,25,335,25,335,26,335,25
335,335,25,335,25,2909444,25,335,25,335,25,335,26,335,25
335,335,25,335,25,2909848,25,335,26,335,25,335,25,335,25
335,335,25,335,25,2910252,26,335,25,335,25,335,25,335,26
335,335,25,335,25,2910655,25,335,25,335,25,335,25,335,25
335,335,25,335,25,2911059,25,335,25,335,26,335,25,335,26
335,335,25,335,25,2911463,25,335,25,335,25,335,25,335,26
335,335,25,335,25,2911866,25,335,25,335,26,335,25,335,25
335,335,25,335,26,2912270,25,335,25,335,25,335,25,335,26
335,335,25,335,26,2912674,26,335,25,335,25,335,26,335,25
335,335,25,335,26,2913078,26,335,25,335,26,335,25,335,25
335,335,25,335,25,2913481,25,335,25,335,25,335,26,335,26
335,335,25,335,25,2913886,25,335,25,335,25,335,26,335,25
335,335,25,335,25,2914289,25,335,25,335,26,335,26,335,25
335,335,25,335,26,2914693,25,335,25,335,25,335,25,335,25
335,335,26,335,25,2915097,25,335,26,335,25,335,25,335,26
335,335,25,335,25,2915501,25,335,25,335,25,335,26,335,25
335,335,25,335,26,2915904,25,335,25,335,25,335,26,335,25
335,335,25,335,25,2916307,25,335,26,335,25,335,25,335,25
335,335,26,335,25,2916712,25,335,25,335,25,335,25,335,25
335,335,25,335,25,2917115,25,335,26,335,25,335,25,335,25
335,335,26,335,25,2917519,25,335,25,335,25,335,25,335,25
335,335,25,335,25,2917923,25,335,25,335,26,335,26,335,26
335,335,25,335,25,2918327,25,335,26,335,25,335,25,335,25
335,335,25,335,26,2918730,25,335,25,335,26,335,25,335,25
335,335,25,335,25,2919135,26,335,25,335,25,335,25,335,25
335,335,25,335,25,2919538,26,335,25,335,26,335,25,335,25
335,335,25,335,25,2919942,25,335,25,335,25,335,25,335,25
335,335,25,335,26,2920345,25,335,26,335,25,335,26,335,25
335,335,25,335,25,2920750,25,335,25,335,25,335,25,335,26
335,335,25,335,25,2921153,25,335,26,335,25,335,26,335,25
335,335,25,335,25,2921556,25,335,25,335,26,335,25,335,25
335,335,25,335,25,2921961,25,335,25,335,26,335,26,335,25
335,335,25,335,26,2922364,26,335,25,335,25,335,25,335,26
335,335,25,335,25,2922768,25,335,25,335,25,335,25,335,25
335,335,25,335,26,2923172,25,335,25,335,26,335,26,335,26
335,335,25,335,25,2923576,25,335,25,335,26,335,26,335,25
335,335,25,335,25,2923979,25,335,25,335,25,335,26,335,25
335,335,26,335,25,2924384,25,335,26,335,25,335,25,335,26
335,335,25,335,26,2924787,26,335,25,335,25,335,25,335,25
335,335,25,335,26,2925191,25,335,26,335,25,335,25,335,26
335,335,25,335,25,2925594,25,335,25,335,25,335,25,335,25
335,335,25,335,25,2925999,25,335,26,335,25,335,25,335,26
335,335,25,335,25,2926402,25,335,25,335,25,335,25,335,25
335,335,25,335,25,2926806,25,335,25,335,25,335,25,335,25
335,335,25,335,25,2927210,26,335,26,335,25,335,25,335,25
335,335,25,335,25,2927613,25,335,25,335,25,335,26,335,25
335,335,25,335,26,2928017,25,335,25,335,26,335,26,335,25
335,335,25,335,25,2928421,25,335,26,335,25,335,26,335,25
335,335,25,335,25,2928825,26,335,25,335,25,335,26,335,25
335,335,25,335,26,2929228,26,335,26,335,25,335,25,335,25
335,335,25,335,25,2929632,26,335,26,335,25,335,25,335,25
335,335,26,335,25,2930036,25,335,25,335,26,335,25,335,25
335,335,25,335,26,2930440,25,335,26,335,25,335,26,335,26
335,335,25,335,26,2930843,25,335,25,335,26,335,26,335,25
335,335,25,335,26,2931248,25,335,25,335,26,335,26,335,25
335,335,25,335,25,2931651,25,335,26,335,25,335,25,335,25
335,335,25,335,25,2932055,25,335,25,335,26,335,25,335,25
335,335,25,335,25,2932459,25,335,25,335,25,335,25,335,25
335,335,25,335,25,2932862,25,335,26,335,25,335,26,335,25
335,335,25,335,26,2933266,26,335,26,335,26,335,25,335,25
335,335,25,335,25,2933669,26,335,26,335,25,335,25,335,26
335,335,25,335,26,2934074,25,335,26,335,26,335,25,335,25
335,335,25,335,26,2934477,25,335,25,335,26,335,26,335,26
335,335,25,335,26,2934881,25,335,26,335,26,335,26,335,25
335,335,25,335,25,2935285,26,335,26,335,25,335,25,335,25
335,335,25,335,25,2935689,25,335,25,335,25,335,26,335,25
335,335,25,335,25,2936092,25,335,25,335,26,335,25,335,26
335,335,25,335,26,2936497,26,335,26,335,25,335,25,335,26
335,335,25,335,26,2936900,25,335,25,335,25,335,25,335,26
335,335,25,335,26,2937304,25,335,25,335,25,335,25,335,26
335,335,25,335,26,2937707,25,335,25,335,25,335,25,335,26
335,335,25,335,25,2938112,26,335,25,335,25,335,26,335,26
335,335,25,335,26,2938515,25,335,25,335,25,335,25,335,25
335,335,25,335,25,2938918,25,335,26,335,26,335,25,335,25
335,335,25,335,25,2939323,25,335,26,335,25,335,25,335,25
335,335,25,335,25,2939726,26,335,25,335,25,335,26,335,25
335,335,25,335,26,2940130,25,335,25,335,25,335,26,335,25
335,335,25,335,26,2940534,26,335,25,335,25,335,25,335,25
335,335,25,335,25,2940938,25,335,25,335,25,335,25,335,25
335,335,25,335,25,2941341,25,335,25,335,26,335,25,335,25
335,335,25,335,25,2941746,25,335,25,335,25,335,25,335,25
335,335,25,335,25,2942149,25,335,25,335,25,335,25,335,26
335,335,25,335,25,2942553,26,335,25,335,25,335,25,335,25
335,335,25,335,25,2942956,26,335,26,335,26,335,25,335,26
335,335,25,335,25,2943361,26,335,25,335,25,335,25,335,25
335,335,25,335,25,2943764,26,335,25,335,26,335,26,335,25
335,335,25,335,25,2944167,25,335,25,335,25,335,25,335,25
335,335,25,335,26,2944572,25,335,26,335,25,335,25,335,25
335,335,25,335,26,2944975,25,335,25,335,26,335,25,335,25
335,335,25,335,25,2945379,25,335,26,335,25,335,26,335,25
335,335,25,335,25,2945783,26,335,25,335,25,335,25,335,25
335,335,25,335,25,2946187,25,335,25,335,25,335,26,335,25
335,335,25,335,25,2946590,26,335,25,335,25,335,25,335,26
335,335,25,335,25,2946994,26,335,25,335,25,335,26,335,25
335,335,25,335,26,2947398,25,335,26,335,25,335,26,335,26
335,335,25,335,25,2947802,25,335,25,335,25,335,26,335,25
335,335,25,335,25,2948205,26,335,25,335,26,335,25,335,25
335,335,25,335,26,2948610,25,335,25,335,25,335,26,335,25
335,335,25,335,25,2949013,25,335,26,335,25,335,25,335,25
335,335,25,335,25,2949416,25,335,25,335,25,335,25,335,25
335,335,25,335,25,2949821,25,335,26,335,25,335,25,335,25
335,335,25,335,26,2950224,25,335,25,335,25,335,25,335,26
335,335,25,335,25,2950628,25,335,25,335,25,335,25,335,26
335,335,25,335,25,2951032,25,335,25,335,25,335,25,335,25
335,335,25,335,25,2951436,25,335,26,335,25,335,25,335,25
335,335,25,335,26,2951839,25,335,25,335,26,335,26,335,25
335,335,26,335,25,2952243,25,335,25,335,26,335,26,335,26
335,335,25,335,25,2952647,25,335,25,335,25,335,26,335,25
335,335,25,335,25,2953051,26,335,26,335,25,335,25,335,26
335,335,25,335,26,2953454,26,335,25,335,25,335,25,335,26
335,335,25,335,26,2953859,25,335,25,335,26,335,25,335,25
335,335,26,335,25,2954262,25,335,25,335,25,335,25,335,25
335,335,25,335,25,2954665,26,335,25,335,25,335,25,335,26
335,335,25,335,26,2955070,26,335,25,335,25,335,25,335,25
335,335,25,335,25,2955473,25,335,25,335,25,335,25,335,26
335,335,25,335,25,2955877,25,335,25,335,25,335,25,335,25
335,335,25,335,25,2956280,25,335,26,335,25,335,25,335,25
335,335,25,335,25,2956685,25,335,25,335,26,335,25,335,25
335,335,25,335,26,2957088,26,335,25,335,25,335,25,335,25
335,335,25,335,25,2957492,25,335,25,335,25,335,25,335,25
335,335,25,335,25,2957896,25,335,26,335,25,335,25,335,25
335,335,25,335,25,2958300,25,335,25,335,25,335,25,335,26
335,335,25,335,25,2958703,25,335,25,335,25,335,26,335,25
335,335,25,335,25,2959108,25,335,25,335,25,335,25,335,25
335,335,25,335,25,2959511,25,335,25,335,25,335,25,335,25
335,335,25,335,25,2959915,25,335,25,335,26,335,26,335,26
335,335,25,335,25,2960318,26,335,25,335,25,335,25,335,25
335,335,25,335,25,2960722,25,335,25,335,25,335,25,335,25
335,335,25,335,25,2961126,26,335,25,335,26,335,25,335,25
335,335,25,335,25,2961529,25,335,25,335,25,335,26,335,25
335,335,25,335,25,2961934,25,335,25,335,25,335,25,335,26
335,335,25,335,26,2962337,25,335,25,335,26,335,25,335,25
335,335,25,335,25,2962741,25,335,25,335,26,335,25,335,25
335,335,25,335,26,2963145,26,335,25,335,25,335,25,335,25
335,335,25,335,25,2963549,25,335,25,335,25,335,26,335,25
335,335,25,335,25,2963952,25,335,25,335,25,335,25,335,25
335,335,25,335,25,2964356,26,335,25,335,25,335,25,335,25
335,335,25,335,25,2964760,25,335,25,335,25,335,25,335,25
335,335,25,335,25,2965164,25,335,25,335,26,335,25,335,25
335,335,25,335,25,2965567,25,335,25,335,26,335,26,335,25
335,335,25,335,25,2965971,25,335,25,335,25,335,25,335,25
335,335,25,335,25,2966375,25,335,26,335,25,335,26,335,25
335,335,25,335,25,2966778,25,335,25,335,25,335,25,335,25
335,335,25,335,25,2967183,25,335,26,335,25,335,25,335,25
335,335,25,335,25,2967586,25,335,25,335,25,335,25,335,26
335,335,25,335,25,2967990,26,335,25,335,25,335,25,335,26
335,335,25,335,25,2968394,26,335,25,335,25,335,25,335,25
335,335,25,335,25,2968798,25,335,26,335,25,335,25,335,25
335,335,25,335,25,2969201,25,335,25,335,26,335,25,335,25
335,335,25,335,25,2969605,26,335,25,335,25,335,26,335,25
335,335,25,335,25,2970009,25,335,25,335,25,335,26,335,25
335,335,25,335,26,2970413,25,335,26,335,25,335,26,335,25
335,335,25,335,25,2970816,25,335,26,335,25,335,25,335,26
335,335,25,335,25,2971220,25,335,26,335,26,335,25,335,25
335,335,25,335,25,2971624,25,335,25,335,25,335,26,335,26
335,335,25,335,26,2972027,25,335,25,335,25,335,26,335,25
335,335,25,335,25,2972432,25,335,25,335,25,335,26,335,26
335,335,25,335,26,2972835,25,335,25,335,25,335,25,335,25
335,335,25,335,26,2973239,26,335,25,335,25,335,25,335,25
335,335,25,335,25,2973642,25,335,25,335,25,335,25,335,25
335,335,25,335,25,2974047,26,335,25,335,25,335,25,335,25
335,335,25,335,25,2974450,25,335,25,335,25,335,25,335,25
335,335,25,335,25,2974854,25,335,26,335,25,335,26,335,25
335,335,25,335,25,2975258,25,335,25,335,25,335,26,335,26
335,335,25,335,26,2975662,26,335,26,335,25,335,25,335,25
335,335,25,335,25,2976065,25,335,25,335,25,335,25,335,25
335,335,25,335,25,2976470,25,335,25,335,25,335,25,335,25
335,335,25,335,25,2976873,25,335,25,335,25,335,26,335,25
335,335,26,335,25,2977276,25,335,25,335,25,335,25,335,25
335,335,25,335,25,2977680,25,335,25,335,25,335,25,335,25
335,335,25,335,26,2978084,25,335,26,335,25,335,26,335,25
335,335,25,335,25,2978488,25,335,25,335,25,335,25,335,25
335,335,25,335,25,2978891,25,335,25,335,26,335,25,335,26
335,335,25,335,25,2979296,25,335,25,335,26,335,25,335,25
335,335,25,335,25,2979699,25,335,26,335,25,335,26,335,25
335,335,25,335,25,2980103,25,335,25,335,25,335,25,335,25
335,335,25,335,25,2980507,25,335,26,335,26,335,25,335,25
335,335,25,335,25,2980911,25,335,25,335,25,335,25,335,25
335,335,25,335,25,2981314,25,335,26,335,25,335,25,335,26
335,335,25,335,25,2981719,25,335,25,335,25,335,25,335,25
335,335,25,335,25,2982122,25,335,25,335,26,335,25,335,26
335,335,25,335,25,2982525,25,335,25,335,25,335,25,335,25
335,335,25,335,25,2982929,25,335,25,335,26,335,26,335,25
335,335,25,335,25,2983333,25,335,25,335,25,335,25,335,25
335,335,26,335,25,2983737,25,335,25,335,25,335,25,335,26
335,335,25,335,25,2984140,25,335,25,335,25,335,25,335,25
335,335,25,335,26,2984545,25,335,25,335,25,335,25,335,25
335,335,25,335,25,2984948,25,335,25,335,25,335,25,335,26
335,335,25,335,25,2985352,25,335,25,335,25,335,26,335,25
335,335,25,335,25,2985756,25,335,25,335,25,335,25,335,25
335,335,25,335,25,2986160,26,335,25,335,25,335,25,335,26
335,335,25,335,25,2986563,25,335,25,335,26,335,25,335,25
335,335,25,335,25,2986967,25,335,25,335,25,335,25,335,25
335,335,25,335,25,2987371,26,335,25,335,25,335,25,335,25
335,335,25,335,25,2987774,25,335,26,335,25,335,25,335,25
335,335,25,335,26,2988178,26,335,25,335,25,335,25,335,26
335,335,25,335,25,2988582,25,335,25,335,25,335,26,335,26
335,335,25,335,25,2988986,25,335,25,335,25,335,25,335,25
335,335,25,335,25,2989389,25,335,25,335,25,335,25,335,25
335,335,25,335,25,2989794,25,335,26,335,25,335,25,335,25
335,335,26,335,25,2990197,25,335,25,335,25,335,25,335,25
335,335,25,335,25,2990601,25,335,25,335,25,335,25,335,25
335,335,25,335,25,2991004,25,335,25,335,25,335,25,335,25
335,335,25,335,25,2991409,25,335,26,335,25,335,26,335,25
335,335,25,335,25,2991812,25,335,25,335,26,335,25,335,25
335,335,25,335,25,2992216,25,335,25,335,26,335,25,335,25
335,335,25,335,25,2992620,25,335,25,335,25,335,25,335,25
335,335,25,335,25,2993024,25,335,26,335,25,335,25,335,25
335,335,25,335,25,2993427,25,335,26,335,25,335,25,335,25
335,335,25,335,25,2993831,25,335,25,335,25,335,25,335,25
335,335,25,335,25,2994235,25,335,25,335,26,335,25,335,25
335,335,25,335,25,2994638,25,335,25,335,25,335,25,335,25
335,335,25,335,25,2995042,26,335,25,335,25,335,25,335,25
335,335,25,335,25,2995446,25,335,25,335,25,335,25,335,25
335,335,25,335,25,2995850,25,335,25,335,25,335,25,335,25
335,335,25,335,25,2996253,25,335,25,335,25,335,26,335,25
335,335,25,335,25,2996658,25,335,25,335,25,335,26,335,25
335,335,25,335,25,2997061,25,335,25,335,25,335,25,335,26
335,335,25,335,25,2997465,25,335,26,335,26,335,25,335,26
335,335,25,335,25,2997869,25,335,25,335,25,335,25,335,25
335,335,25,335,25,2998273,25,335,26,335,25,335,25,335,25
335,335,25,335,26,2998676,25,335,25,335,25,335,25,335,25
335,335,25,335,25,2999080,25,335,26,335,25,335,26,335,25
335,335,25,335,25,2999484,25,335,26,335,25,335,25,335,25
335,335,25,335,25,2999887,25,335,25,335,25,335,25,335,25
335,335,25,335,25,3000291,25,335,25,335,25,335,26,335,25
335,335,25,335,25,3000695,26,335,26,335,26,335,25,335,25
335,335,25,335,25,3001099,25,335,25,335,25,335,26,335,25
335,335,25,335,25,3001502,25,335,25,335,25,335,25,335,25
335,335,25,335,25,3001907,25,335,26,335,25,335,25,335,25
335,335,25,335,25,3002310,25,335,25,335,25,335,26,335,25
335,335,25,335,25,3002714,25,335,26,335,25,335,25,335,25
335,335,25,335,25,3003118,25,335,25,335,25,335,25,335,25
335,335,25,335,25,3003522,25,335,25,335,25,335,25,335,26
335,335,25,335,25,3003925,25,335,25,335,25,335,25,335,25
335,335,25,335,25,3004328,25,335,26,335,26,335,25,335,25
335,335,25,335,25,3004733,26,335,25,335,25,335,25,335,25
335,335,26,335,25,3005136,25,335,26,335,25,335,25,335,26
335,335,25,335,25,3005540,25,335,25,335,25,335,25,335,25
335,335,25,335,25,3005944,25,335,26,335,25,335,26,335,25
335,335,25,335,26,3006348,25,335,25,335,25,335,26,335,25
335,335,25,335,25,3006751,26,335,25,335,25,335,26,335,25
335,335,25,335,25,3007156,25,335,25,335,25,335,25,335,25
335,335,25,335,25,3007559,25,335,25,335,25,335,25,335,25
335,335,25,335,26,3007963,25,335,25,335,25,335,25,335,26
335,335,25,335,25,3008367,26,335,26,335,25,335,26,335,25
335,335,25,335,25,3008771,25,335,25,335,25,335,25,335,26
335,335,25,335,25,3009174,25,335,25,335,25,335,25,335,25
335,335,25,335,25,3009577,26,335,26,335,25,335,25,335,26
335,335,26,335,25,3009982,25,335,25,335,25,335,25,335,25
335,335,25,335,25,3010385,25,335,25,335,26,335,25,335,25
335,335,25,335,25,3010789,25,335,25,335,26,335,26,335,25
335,335,25,335,25,3011193,25,335,25,335,25,335,25,335,26
335,335,25,335,25,3011597,25,335,25,335,26,335,25,335,25
335,335,25,335,25,3012000,25,335,25,335,25,335,25,335,25
335,335,25,335,26,3012405,25,335,26,335,25,335,25,335,25
335,335,25,335,25,3012808,25,335,25,335,25,335,26,335,25
335,335,25,335,25,3013212,26,335,25,335,26,335,26,335,25
335,335,25,335,25,3013615,26,335,25,335,25,335,25,335,25
335,335,25,335,25,3014020,26,335,26,335,25,335,25,335,25
335,335,25,335,25,3014423,25,335,25,335,25,335,25,335,25
335,335,25,335,25,3014827,25,335,25,335,26,335,26,335,26
335,335,25,335,25,3015231,26,335,25,335,25,335,25,335,25
335,335,25,335,26,3015634,25,335,26,335,26,335,25,335,25
335,335,25,335,25,3016038,26,335,25,335,25,335,25,335,25
335,335,25,335,25,3016442,26,335,25,335,25,335,25,335,25
335,335,25,335,25,3016846,25,335,25,335,25,335,26,335,25
335,335,25,335,26,3017249,25,335,25,335,25,335,26,335,25
335,335,25,335,25,3017654,25,335,25,335,25,335,25,335,25
335,335,25,335,25,3018057,25,335,25,335,25,335,25,335,26
335,335,25,335,25,3018461,25,335,25,335,26,335,25,335,25
335,335,26,335,25,3018864,25,335,25,335,25,335,26,335,25
335,335,25,335,25,3019269,25,335,25,335,25,335,25,335,25
335,335,25,335,26,3019672,25,335,25,335,25,335,25,335,26
335,335,25,335,25,3020076,26,335,25,335,25,335,25,335,25
335,335,25,335,26,3020480,26,335,25,335,25,335,25,335,25
335,335,25,335,25,3020883,25,335,25,335,25,335,26,335,25
335,335,25,335,25,3021287,25,335,25,335,25,335,26,335,25
335,335,25,335,26,3021691,25,335,25,335,25,335,25,335,25
335,335,25,335,26,3022095,26,335,25,335,25,335,25,335,25
335,335,25,335,25,3022498,25,335,26,335,25,335,25,335,25
335,335,25,335,25,3022902,25,335,26,335,25,335,25,335,25
335,335,25,335,25,3023306,25,335,25,335,26,335,25,335,25
335,335,25,335,25,3023710,25,335,25,335,25,335,26,335,25
335,335,25,335,26,3024113,25,335,25,335,26,335,25,335,25
335,335,25,335,25,3024518,25,335,25,335,25,335,25,335,25
335,335,25,335,25,3024921,25,335,26,335,25,335,25,335,25
335,335,25,335,25,3025325,25,335,25,335,25,335,25,335,26
335,335,25,335,26,3025729,26,335,25,335,25,335,25,335,25
335,335,25,335,26,3026132,25,335,25,335,25,335,25,335,25
335,335,25,335,25,3026536,25,335,25,335,25,335,25,335,25
335,335,25,335,25,3026939,25,335,25,335,26,335,25,335,25
335,335,25,335,26,3027344,26,335,25,335,25,335,26,335,25
335,335,25,335,26,3027747,25,335,26,335,25,335,25,335,25
335,335,25,335,25,3028151,25,335,25,335,25,335,25,335,25
335,335,25,335,25,3028555,25,335,25,335,25,335,25,335,25
335,335,25,335,26,3028959,25,335,25,335,25,335,25,335,25
335,335,25,335,25,3029362,25,335,25,335,25,335,25,335,25
335,335,25,335,26,3029767,26,335,25,335,25,335,26,335,25
335,335,25,335,25,3030170,25,335,25,335,26,335,25,335,25
335,335,25,335,25,3030574,25,335,25,335,25,335,25,335,25
335,335,25,335,25,3030978,25,335,25,335,25,335,25,335,25
335,335,25,335,25,3031382,25,335,26,335,25,335,25,335,25
335,335,25,335,25,3031785,26,335,25,335,25,335,25,335,25
335,335,25,335,25,3032188,25,335,25,335,25,335,25,335,25
335,335,25,335,25,3032593,25,335,25,335,25,335,26,335,25
335,335,25,335,25,3032996,25,335,25,335,25,335,25,335,25
335,335,26,335,25,3033400,25,335,25,335,26,335,25,335,25
335,335,25,335,25,3033804,25,335,25,335,25,335,25,335,25
335,335,25,335,25,3034208,25,335,26,335,25,335,25,335,25
335,335,25,335,25,3034611,25,335,26,335,25,335,25,335,25
335,335,25,335,25,3035016,25,335,25,335,25,335,25,335,25
335,335,25,335,26,3035419,25,335,26,335,25,335,25,335,25
335,335,25,335,25,3035823,25,335,25,335,25,335,25,335,25
335,335,25,335,25,3036226,25,335,25,335,25,335,26,335,25
335,335,25,335,25,3036631,25,335,25,335,26,335,25,335,25
335,335,26,335,25,3037034,25,335,25,335,25,335,25,335,25
335,335,25,335,25,3037437,25,335,25,335,25,335,25,335,26
335,335,25,335,25,3037842,26,335,26,335,25,335,25,335,25
335,335,25,335,25,3038245,25,335,25,335,25,335,25,335,25
335,335,25,335,25,3038649,25,335,25,335,25,335,25,335,25
335,335,25,335,25,3039053,25,335,25,335,25,335,26,335,25
335,335,25,335,25,3039457,25,335,25,335,25,335,25,335,25
335,335,25,335,26,3039860,25,335,25,335,25,335,25,335,25
335,335,25,335,26,3040265,26,335,26,335,25,335,25,335,26
335,335,25,335,25,3040668,25,335,25,335,25,335,25,335,25
335,335,25,335,26,3041072,25,335,26,335,26,335,25,335,25
335,335,25,335,25,3041475,25,335,25,335,26,335,25,335,25
335,335,25,335,25,3041880,25,335,25,335,25,335,26,335,25
335,335,25,335,26,3042283,25,335,25,335,25,335,25,335,25
335,335,25,335,25,3042686,26,335,25,335,26,335,25,335,25
335,335,25,335,25,3043091,25,335,25,335,25,335,25,335,25
335,335,25,335,25,3043494,25,335,26,335,25,335,26,335,26
335,335,25,335,26,3043898,25,335,25,335,25,335,25,335,25
335,335,25,335,26,3044302,25,335,25,335,26,335,25,335,26
335,335,25,335,25,3044706,25,335,25,335,26,335,25,335,26
335,335,25,335,25,3045109,25,335,26,335,25,335,25,335,25
335,335,25,335,25,3045513,26,335,25,335,25,335,25,335,25
335,335,25,335,26,3045917,25,335,25,335,25,335,25,335,25
335,335,25,335,25,3046321,25,335,26,335,26,335,25,335,25
335,335,25,335,25,3046724,25,335,26,335,25,335,25,335,25
335,335,25,335,25,3047129,25,335,25,335,25,335,26,335,25
335,335,25,335,26,3047532,25,335,25,335,25,335,25,335,25
335,335,25,335,25,3047936,25,335,25,335,25,335,25,335,25
335,335,25,335,25,3048340,25,335,25,335,25,335,26,335,25
335,335,25,335,25,3048743,25,335,26,335,25,335,25,335,25
335,335,25,335,25,3049147,25,335,25,335,25,335,25,335,25
335,335,25,335,25,3049551,25,335,25,335,25,335,25,335,25
335,335,25,335,25,3049955,25,335,25,335,25,335,25,335,25
335,335,25,335,25,3050358,25,335,25,335,26,335,25,335,26
335,335,25,335,26,3050762,25,335,25,335,25,335,25,335,25
335,335,25,335,25,3051166,25,335,25,335,25,335,26,335,25
335,335,25,335,26,3051570,25,335,25,335,25,335,25,335,25
335,335,25,335,25,3051973,25,335,26,335,25,335,25,335,25
335,335,25,335,25,3052378,25,335,25,335,25,335,25,335,25
335,335,25,335,25,3052781,25,335,25,335,25,335,25,335,25
335,335,25,335,25,3053185,25,335,25,335,26,335,25,335,25
335,335,25,335,25,3053589,25,335,26,335,25,335,25,335,26
335,335,25,335,25,3053992,25,335,25,335,25,335,25,335,25
335,335,25,335,26,3054396,25,335,25,335,25,335,25,335,25
335,335,25,335,25,3054799,25,335,25,335,25,335,25,335,26
335,335,25,335,25,3055204,25,335,25,335,25,335,25,335,26
335,335,25,335,25,3055607,25,335,25,335,26,335,25,335,25
335,335,25,335,25,3056011,25,335,25,335,25,335,26,335,25
335,335,25,335,25,3056415,25,335,25,335,26,335,26,335,25
335,335,25,335,25,3056819,25,335,26,335,25,335,25,335,25
335,335,25,335,25,3057222,25,335,25,335,25,335,25,335,25
335,335,25,335,25,3057627,25,335,25,335,25,335,25,335,25
335,335,25,335,25,3058030,25,335,25,335,25,335,25,335,25
335,335,25,335,25,3058434,25,335,25,335,25,335,25,335,25
335,335,25,335,25,3058838,25,335,25,335,25,335,25,335,25
335,335,25,335,25,3059241,25,335,25,335,25,335,25,335,25
335,335,25,335,25,3059645,25,335,25,335,25,335,25,335,25
335,335,25,335,25,3060048,25,335,25,335,25,335,25,335,25
335,335,25,335,25,3060453,26,335,25,335,25,335,25,335,25
335,335,25,335,25,3060856,25,335,25,335,25,335,25,335,25
335,335,25,335,26,3061260,25,335,25,335,25,335,25,335,25
335,335,25,335,25,3061664,25,335,25,335,25,335,25,335,25
335,335,25,335,25,3062068,25,335,25,335,25,335,25,335,25
335,335,25,335,25,3062471,26,335,25,335,25,335,25,335,25
335,335,25,335,26,3062876,25,335,25,335,25,335,25,335,25
335,335,25,335,25,3063279,25,335,25,335,25,335,26,335,25
335,335,25,335,25,3063683,25,335,25,335,25,335,25,335,25
335,335,25,335,25,3064086,26,335,25,335,25,335,25,335,25
335,335,25,335,25,3064491,25,335,25,335,26,335,25,335,25
335,335,25,335,25,3064894,25,335,26,335,25,335,25,335,25
335,335,25,335,25,3065297,25,335,25,335,25,335,25,335,25
335,335,25,335,25,3065702,25,335,25,335,25,335,25,335,25
335,335,25,335,25,3066105,25,335,26,335,25,335,25,335,25
335,335,25,335,25,3066509,25,335,25,335,25,335,25,335,25
335,335,25,335,25,3066913,25,335,25,335,25,335,25,335,25
335,335,25,335,25,3067317,25,335,25,335,25,335,25,335,25
335,335,25,335,25,3067720,25,335,25,335,26,335,25,335,25
335,335,25,335,25,3068125,25,335,25,335,26,335,25,335,25
335,335,25,335,25,3068528,25,335,25,335,25,335,25,335,25
335,335,25,335,25,3068932,25,335,25,335,25,335,26,335,25
335,335,25,335,25,3069335,25,335,25,335,25,335,26,335,25
335,335,25,335,25,3069740,25,335,25,335,25,335,25,335,25
335,335,26,335,25,3070143,26,335,25,335,25,335,25,335,25
335,335,25,335,26,3070546,25,335,25,335,25,335,25,335,25
335,335,25,335,25,3070951,25,335,25,335,25,335,25,335,26
335,335,25,335,25,3071354,25,335,25,335,25,335,25,335,25
335,335,25,335,25,3071758,25,335,25,335,25,335,25,335,25
335,335,25,335,25,3072162,25,335,25,335,25,335,25,335,25
335,335,25,335,25,3072566,25,335,25,335,25,335,25,335,26
335,335,25,335,26,3072969,25,335,25,335,25,335,25,335,26
335,335,25,335,25,3073374,26,335,25,335,25,335,25,335,25
335,335,25,335,25,3073777,25,335,25,335,25,335,25,335,25
335,335,25,335,25,3074181,25,335,25,335,25,335,25,335,25
335,335,25,335,25,3074584,25,335,25,335,25,335,25,335,25
335,335,25,335,25,3074989,25,335,25,335,25,335,25,335,25
335,335,25,335,25,3075392,25,335,25,335,25,335,25,335,25
335,335,25,335,25,3075795,25,335,25,335,25,335,25,335,25
335,335,25,335,25,3076200,25,335,25,335,26,335,25,335,25
335,335,25,335,26,3076603,26,335,25,335,25,335,26,335,25
335,335,25,335,26,3077007,25,335,25,335,25,335,25,335,25
335,335,25,335,25,3077411,25,335,25,335,25,335,25,335,25
335,335,25,335,25,3077815,25,335,25,335,25,335,25,335,25
335,335,25,335,25,3078218,25,335,25,335,25,335,25,335,25
335,335,25,335,25,3078622,25,335,25,335,25,335,26,335,25
335,335,25,335,25,3079026,26,335,25,335,25,335,25,335,25
335,335,25,335,25,3079430,25,335,25,335,25,335,25,335,25
335,335,25,335,25,3079833,25,335,25,335,25,335,25,335,26
335,335,25,335,26,3080238,25,335,25,335,25,335,26,335,25
335,335,25,335,25,3080641,25,335,25,335,25,335,26,335,26
335,335,25,335,25,3081044,25,335,25,335,25,335,25,335,25
335,335,25,335,25,3081449,25,335,25,335,26,335,25,335,25
335,335,25,335,25,3081852,25,335,25,335,25,335,25,335,25
335,335,25,335,25,3082256,26,335,25,335,25,335,25,335,25
335,335,25,335,25,3082659,25,335,25,335,25,335,25,335,25
335,335,25,335,25,3083064,25,335,25,335,26,335,25,335,25
335,335,25,335,25,3083467,25,335,25,335,25,335,25,335,25
335,335,25,335,25,3083871,25,335,25,335,25,335,26,335,25
335,335,25,335,26,3084275,25,335,25,335,25,335,25,335,25
335,335,25,335,25,3084679,25,335,25,335,26,335,26,335,25
335,335,25,335,25,3085082,25,335,25,335,25,335,25,335,25
335,335,25,335,25,3085487,25,335,25,335,26,335,25,335,25
335,335,25,335,25,3085890,25,335,25,335,25,335,26,335,26
335,335,25,335,25,3086294,25,335,25,335,25,335,25,335,25
335,335,25,335,26,3086698,25,335,25,335,25,335,25,335,26
335,335,25,335,26,3087101,26,335,25,335,25,335,25,335,26
335,335,25,335,25,3087505,25,335,26,335,25,335,25,335,25
335,335,25,335,25,3087908,25,335,25,335,25,335,25,335,25
335,335,26,335,25,3088313,25,335,25,335,25,335,26,335,25
335,335,25,335,25,3088716,25,335,25,335,25,335,26,335,26
335,335,25,335,26,3089120,25,335,25,335,25,335,25,335,25
335,335,25,335,25,3089524,25,335,26,335,25,335,25,335,25
335,335,25,335,25,3089928,26,335,25,335,25,335,25,335,25
335,335,25,335,25,3090331,25,335,25,335,26,335,25,335,25
335,335,25,335,25,3090736,25,335,25,335,26,335,25,335,25
335,335,25,335,25,3091139,25,335,25,335,25,335,25,335,25
335,335,25,335,25,3091543,25,335,25,335,25,335,25,335,25
335,335,25,335,25,3091946,25,335,25,335,26,335,25,335,25
335,335,25,335,25,3092350,26,335,25,335,25,335,25,335,25
335,335,25,335,25,3092754,26,335,25,335,25,335,25,335,25
335,335,25,335,25,3093157,25,335,25,335,25,335,25,335,25
335,335,25,335,25,3093562,25,335,26,335,25,335,25,335,25
335,335,25,335,25,3093965,25,335,25,335,25,335,26,335,25
335,335,25,335,25,3094369,25,335,26,335,25,335,26,335,25
335,335,25,335,25,3094773,25,335,25,335,25,335,26,335,25
335,335,25,335,25,3095177,25,335,25,335,25,335,25,335,25
335,335,25,335,25,3095580,25,335,25,335,25,335,25,335,25
335,335,25,335,25,3095985,25,335,25,335,25,335,26,335,25
335,335,25,335,25,3096388,25,335,25,335,25,335,25,335,25
335,335,25,335,25,3096792,25,335,25,335,25,335,25,335,25
335,335,25,335,25,3097195,26,335,25,335,26,335,25,335,25
335,335,25,335,25,3097600,25,335,25,335,25,335,25,335,26
335,335,25,335,25,3098003,25,335,26,335,26,335,25,335,25
335,335,26,335,25,3098406,25,335,25,335,25,335,25,335,25
335,335,25,335,25,3098811,25,335,25,335,26,335,25,335,26
335,335,25,335,25,3099214,25,335,25,335,25,335,25,335,25
335,335,25,335,25,3099618,25,335,25,335,25,335,25,335,26
335,335,25,335,25,3100022,25,335,25,335,25,335,25,335,25
335,335,25,335,25,3100426,25,335,25,335,26,335,25,335,25
335,335,25,335,25,3100829,25,335,25,335,25,335,25,335,25
335,335,25,335,26,3101233,25,335,25,335,25,335,25,335,25
335,335,25,335,25,3101637,25,335,25,335,25,335,25,335,25
335,335,25,335,25,3102041,25,335,25,335,26,335,25,335,25
335,335,25,335,25,3102444,25,335,25,335,25,335,25,335,25
335,335,25,335,25,3102849,25,335,25,335,25,335,25,335,25
335,335,25,335,25,3103252,25,335,25,335,25,335,25,335,25
335,335,25,335,26,3103655,25,335,25,335,25,335,25,335,25
335,335,25,335,25,3104060,25,335,25,335,25,335,25,335,25
335,335,25,335,25,3104463,25,335,25,335,25,335,25,335,25
335,335,25,335,25,3104867,25,335,25,335,25,335,25,335,25
335,335,25,335,25,3105270,25,335,26,335,25,335,25,335,25
335,335,25,335,25,3105675,25,335,25,335,25,335,25,335,25
335,335,25,335,25,3106078,25,335,25,335,25,335,25,335,25
335,335,25,335,26,3106482,25,335,25,335,25,335,25,335,25
335,335,25,335,25,3106886,25,335,25,335,26,335,25,335,25
335,335,25,335,25,3107290,25,335,25,335,25,335,25,335,25
335,335,25,335,25,3107693,26,335,25,335,25,335,25,335,26
335,335,25,335,25,3108098,25,335,25,335,25,335,25,335,25
335,335,25,335,25,3108501,25,335,25,335,25,335,25,335,25
335,335,25,335,25,3108904,25,335,26,335,25,335,25,335,25
335,335,25,335,25,3109309,25,335,25,335,26,335,25,335,25
335,335,25,335,25,3109712,25,335,25,335,25,335,25,335,25
335,335,25,335,25,3110116,25,335,25,335,25,335,25,335,25
335,335,25,335,25,3110519,25,335,25,335,25,335,26,335,25
335,335,25,335,26,3110924,26,335,25,335,25,335,25,335,25
335,335,25,335,26,3111327,25,335,25,335,25,335,25,335,25
335,335,25,335,25,3111731,25,335,26,335,25,335,26,335,26
335,335,25,335,25,3112135,25,335,25,335,25,335,25,335,25
335,335,25,335,25,3112539,25,335,25,335,25,335,25,335,25
335,335,25,335,25,3112942,25,335,25,335,25,335,26,335,25
335,335,25,335,25,3113347,25,335,25,335,25,335,25,335,25
335,335,25,335,26,3113750,26,335,25,335,25,335,25,335,25
335,335,25,335,25,3114153,25,335,25,335,25,335,25,335,25
335,335,25,335,25,3114557,25,335,25,335,25,335,25,335,25
335,335,25,335,25,3114961,25,335,25,335,25,335,25,335,25
335,335,26,335,25,3115365,25,335,25,335,25,335,25,335,26
335,335,25,335,25,3115768,25,335,25,335,25,335,25,335,26
335,335,25,335,25,3116173,25,335,25,335,25,335,25,335,25
335,335,25,335,25,3116576,25,335,25,335,25,335,26,335,25
335,335,25,335,25,3116980,25,335,25,335,25,335,26,335,25
335,335,25,335,25,3117384,25,335,26,335,25,335,25,335,25
335,335,25,335,25,3117788,25,335,25,335,25,335,26,335,25
335,335,25,335,25,3118191,26,335,25,335,25,335,25,335,25
335,335,25,335,25,3118595,26,335,26,335,25,335,25,335,25
335,335,25,335,25,3118999,25,335,26,335,25,335,25,335,25
335,335,25,335,25,3119403,25,335,25,335,25,335,25,335,25
335,335,25,335,25,3119806,25,335,25,335,25,335,25,335,25
335,335,25,335,25,3120210,25,335,25,335,25,335,25,335,25
335,335,25,335,25,3120614,25,335,26,335,25,335,25,335,26
335,335,25,335,25,3121017,26,335,25,335,25,335,25,335,25
335,335,26,335,25,3121422,26,335,26,335,25,335,25,335,25
335,335,25,335,25,3121825,25,335,25,335,25,335,26,335,25
335,335,25,335,25,3122229,25,335,25,335,26,335,26,335,25
335,335,25,335,25,3122633,25,335,25,335,25,335,25,335,25
335,335,25,335,25,3123037,25,335,25,335,26,335,25,335,26
335,335,25,335,25,3123440,25,335,25,335,25,335,25,335,25
335,335,25,335,25,3123844,26,335,26,335,25,335,25,335,26
335,335,25,335,25,3124248,25,335,26,335,25,335,25,335,25
335,335,25,335,25,3124652,25,335,26,335,25,335,25,335,26
335,335,25,335,25,3125055,25,335,25,335,25,335,25,335,25
335,335,25,335,25,3125459,25,335,25,335,25,335,26,335,25
335,335,25,335,25,3125863,25,335,25,335,25,335,25,335,25
335,335,25,335,25,3126266,25,335,26,335,26,335,25,335,25
335,335,25,335,25,3126671,25,335,25,335,25,335,25,335,25
335,335,25,335,25,3127074,25,335,25,335,25,335,26,335,25
335,335,25,335,25,3127478,25,335,25,335,25,335,25,335,25
335,335,25,335,25,3127881,25,335,26,335,25,335,26,335,25
335,335,25,335,25,3128286,26,335,25,335,25,335,25,335,25
335,335,25,335,25,3128689,25,335,25,335,25,335,25,335,25
335,335,25,335,25,3129093,25,335,25,335,25,335,26,335,26
335,335,25,335,25,3129497,25,335,25,335,25,335,25,335,25
335,335,25,335,25,3129901,25,335,26,335,25,335,25,335,25
335,335,25,335,25,3130304,25,335,25,335,25,335,25,335,25
335,335,25,335,25,3130708,25,335,25,335,25,335,25,335,26
335,335,25,335,25,3131112,25,335,25,335,25,335,25,335,26
335,335,25,335,25,3131515,25,335,25,335,26,335,25,335,25
335,335,25,335,25,3131919,25,335,25,335,25,335,25,335,25
335,335,25,335,25,3132323,25,335,25,335,25,335,25,335,25
335,335,25,335,25,3132727,25,335,25,335,25,335,25,335,25
335,335,25,335,25,3133130,25,335,25,335,25,335,25,335,25
335,335,25,335,26,3133535,25,335,25,335,25,335,25,335,25
335,335,25,335,25,3133938,25,335,26,335,25,335,25,335,25
335,335,25,335,26,3134342,25,335,25,335,25,335,25,335,25
335,335,25,335,25,3134746,26,335,25,335,25,335,25,335,26
335,335,25,335,25,3135150,25,335,25,335,25,335,25,335,25
335,335,25,335,26,3135553,25,335,25,335,25,335,26,335,25
335,335,25,335,26,3135958,25,335,25,335,25,335,25,335,25
335,335,25,335,25,3136361,25,335,25,335,25,335,25,335,25
335,335,25,335,25,3136764,25,335,25,335,25,335,25,335,25
335,335,25,335,26,3137168,25,335,25,335,25,335,25,335,25
335,335,25,335,25,3137572,26,335,25,335,25,335,25,335,25
335,335,25,335,25,3137976,25,335,25,335,25,335,25,335,26
335,335,25,335,25,3138379,26,335,25,335,25,335,25,335,25
335,335,25,335,25,3138784,25,335,26,335,25,335,25,335,25
335,335,25,335,25,3139187,25,335,25,335,25,335,26,335,25
335,335,25,335,25,3139591,25,335,25,335,25,335,26,335,25
335,335,25,335,25,3139995,25,335,25,335,25,335,25,335,26
335,335,25,335,25,3140399,25,335,25,335,25,335,25,335,26
335,335,25,335,25,3140802,25,335,25,335,25,335,25,335,25
335,335,25,335,25,3141206,25,335,25,335,25,335,25,335,25
335,335,25,335,25,3141610,25,335,25,335,25,335,25,335,25
335,335,25,335,25,3142013,25,335,25,335,25,335,25,335,25
335,335,25,335,25,3142417,25,335,26,335,25,335,25,335,25
335,335,25,335,25,3142821,25,335,25,335,25,335,25,335,25
335,335,25,335,25,3143225,25,335,25,335,25,335,25,335,26
335,335,25,335,25,3143628,26,335,25,335,25,335,25,335,25
335,335,25,335,25,3144033,25,335,25,335,25,335,25,335,25
335,335,25,335,25,3144436,25,335,25,335,25,335,25,335,25
335,335,25,335,25,3144840,25,335,25,335,25,335,25,335,25
335,335,25,335,25,3145243,25,335,25,335,25,335,25,335,25
335,335,25,335,25,3145648,25,335,25,335,25,335,25,335,25
335,335,25,335,25,3146051,25,335,25,335,25,335,26,335,25
335,335,25,335,25,3146455,26,335,25,335,25,335,25,335,26
335,335,25,335,25,3146859,25,335,26,335,25,335,25,335,25
335,335,25,335,25,3147262,25,335,25,335,25,335,25,335,25
335,335,25,335,25,3147666,25,335,25,335,25,335,26,335,25
335,335,25,335,25,3148070,25,335,26,335,25,335,25,335,25
335,335,26,335,25,3148474,25,335,26,335,26,335,26,335,25
335,335,25,335,26,3148877,25,335,25,335,25,335,26,335,25
335,335,25,335,25,3149282,25,335,25,335,25,335,25,335,25
335,335,25,335,25,3149685,25,335,25,335,25,335,26,335,25
335,335,25,335,25,3150089,25,335,25,335,25,335,25,335,25
335,335,25,335,25,3150492,25,335,26,335,25,335,25,335,26
335,335,25,335,25,3150897,25,335,25,335,25,335,26,335,25
335,335,25,335,25,3151300,25,335,25,335,25,335,26,335,25
335,335,26,335,25,3151704,25,335,25,335,25,335,25,335,25
335,335,25,335,25,3152108,25,335,25,335,25,335,26,335,25
335,335,25,335,26,3152512,25,335,25,335,25,335,25,335,25
335,335,25,335,25,3152915,25,335,26,335,25,335,25,335,26
335,335,25,335,25,3153319,25,335,26,335,25,335,25,335,25
335,335,25,335,25,3153723,25,335,26,335,25,335,25,335,25
335,335,25,335,25,3154126,25,335,25,335,25,335,26,335,25
335,335,25,335,25,3154530,25,335,25,335,25,335,25,335,26
335,335,25,335,25,3154934,26,335,25,335,25,335,26,335,26
335,335,25,335,25,3155338,25,335,26,335,25,335,26,335,25
335,335,25,335,25,3155741,26,335,25,335,25,335,25,335,25
335,335,25,335,25,3156146,25,335,25,335,25,335,25,335,25
335,335,25,335,26,3156549,26,335,25,335,25,335,25,335,25
335,335,25,335,25,3156953,25,335,26,335,25,335,25,335,25
335,335,25,335,26,3157357,25,335,25,335,26,335,26,335,26
335,335,25,335,25,3157761,25,335,25,335,25,335,25,335,25
335,335,25,335,25,3158164,25,335,25,335,25,335,26,335,25
335,335,25,335,25,3158567,25,335,25,335,26,335,26,335,25
335,335,25,335,25,3158972,25,335,25,335,25,335,25,335,25
335,335,26,335,25,3159375,25,335,25,335,25,335,25,335,25
335,335,25,335,25,3159779,25,335,26,335,25,335,25,335,26
335,335,25,335,25,3160183,25,335,26,335,25,335,25,335,25
335,335,25,335,25,3160587,25,335,25,335,26,335,25,335,25
335,335,25,335,26,3160990,25,335,25,335,25,335,26,335,25
335,335,25,335,25,3161395,25,335,25,335,25,335,26,335,25
335,335,25,335,25,3161798,25,335,25,335,25,335,25,335,25
335,335,25,335,25,3162202,25,335,25,335,25,335,25,335,25
335,335,25,335,25,3162606,25,335,26,335,26,335,25,335,25
335,335,25,335,25,3163010,25,335,26,335,25,335,25,335,25
335,335,25,335,25,3163413,25,335,25,335,25,335,26,335,25
335,335,25,335,26,3163816,25,335,25,335,25,335,25,335,26
335,335,25,335,25,3164221,26,335,25,335,25,335,26,335,25
335,335,25,335,25,3164624,25,335,25,335,25,335,25,335,25
335,335,25,335,25,3165028,25,335,25,335,25,335,25,335,25
335,335,25,335,25,3165432,25,335,25,335,25,335,25,335,25
335,335,25,335,25,3165836,25,335,25,335,25,335,25,335,26
335,335,25,335,25,3166239,25,335,25,335,25,335,25,335,25
335,335,25,335,26,3166644,25,335,25,335,25,335,25,335,26
335,335,25,335,25,3167047,25,335,25,335,25,335,25,335,25
335,335,25,335,25,3167451,25,335,26,335,26,335,25,335,25
335,335,25,335,26,3167854,25,335,25,335,25,335,25,335,25
335,335,25,335,26,3168259,25,335,25,335,25,335,25,335,25
335,335,25,335,25,3168662,25,335,25,335,25,335,25,335,25
335,335,25,335,25,3169065,25,335,25,335,25,335,25,335,25
335,335,25,335,25,3169470,25,335,25,335,25,335,25,335,25
335,335,26,335,25,3169873,25,335,25,335,25,335,25,335,26
335,335,25,335,25,3170277,25,335,25,335,25,335,25,335,25
335,335,25,335,25,3170681,26,335,25,335,25,335,25,335,26
335,335,25,335,26,3171085,25,335,25,335,25,335,25,335,25
335,335,25,335,25,3171488,25,335,26,335,25,335,25,335,25
335,335,25,335,25,3171892,25,335,26,335,25,335,25,335,25
335,335,25,335,25,3172296,25,335,25,335,25,335,25,335,25
335,335,25,335,25,3172700,25,335,25,335,25,335,25,335,25
335,335,25,335,25,3173103,25,335,25,335,25,335,25,335,25
335,335,25,335,25,3173508,25,335,25,335,25,335,25,335,25
335,335,25,335,25,3173911,25,335,26,335,25,335,25,335,25
335,335,25,335,25,3174315,25,335,26,335,25,335,25,335,26
335,335,25,335,25,3174719,25,335,25,335,26,335,25,335,25
335,335,25,335,25,3175122,25,335,26,335,25,335,25,335,25
335,335,25,335,25,3175526,26,335,25,335,26,335,25,335,26
335,335,25,335,26,3175930,25,335,25,335,25,335,25,335,25
335,335,25,335,25,3176334,25,335,25,335,25,335,25,335,25
335,335,25,335,25,3176737,25,335,25,335,25,335,25,335,25
335,335,25,335,25,3177141,25,335,26,335,25,335,25,335,25
335,335,25,335,25,3177545,25,335,25,335,25,335,25,335,26
335,335,25,335,25,3177949,25,335,25,335,26,335,25,335,25
335,335,25,335,25,3178352,25,335,25,335,25,335,26,335,25
335,335,25,335,25,3178757,26,335,25,335,25,335,25,335,25
335,335,26,335,25,3179160,25,335,25,335,25,335,25,335,25
335,335,25,335,25,3179564,25,335,25,335,25,335,25,335,25
335,335,25,335,25,3179968,25,335,25,335,25,335,25,335,26
335,335,25,335,25,3180371,26,335,26,335,25,335,25,335,25
335,335,25,335,25,3180775,25,335,25,335,25,335,25,335,26
335,335,25,335,25,3181179,25,335,26,335,25,335,25,335,25
335,335,25,335,25,3181583,25,335,26,335,25,335,25,335,25
335,335,25,335,25,3181986,25,335,26,335,25,335,25,335,25
335,335,25,335,25,3182390,25,335,25,335,25,335,25,335,25
335,335,26,335,25,3182794,25,335,26,335,25,335,25,335,25
335,335,25,335,25,3183198,25,335,25,335,25,335,25,335,25
335,335,25,335,25,3183601,25,335,25,335,26,335,25,335,25
335,335,25,335,25,3184006,25,335,25,335,25,335,25,335,26
335,335,25,335,26,3184409,25,335,25,335,25,335,26,335,25
335,335,25,335,25,3184813,25,335,25,335,25,335,25,335,25
335,335,25,335,26,3185217,25,335,25,335,25,335,25,335,26
335,335,25,335,25,3185620,25,335,25,335,26,335,25,335,25
335,335,25,335,25,3186024,25,335,25,335,25,335,25,335,25
335,335,26,335,25,3186428,26,335,25,335,25,335,26,335,25
335,335,25,335,26,3186832,25,335,25,335,25,335,25,335,25
335,335,25,335,25,3187235,25,335,25,335,25,335,25,335,26
335,335,25,335,25,3187639,26,335,25,335,25,335,25,335,25
335,335,25,335,25,3188043,25,335,26,335,25,335,25,335,25
335,335,25,335,25,3188447,25,335,25,335,26,335,25,335,25
335,335,25,335,25,3188850,25,335,25,335,25,335,25,335,25
335,335,25,335,25,3189255,25,335,26,335,25,335,25,335,25
335,335,25,335,25,3189658,25,335,25,335,25,335,25,335,25
335,335,25,335,25,3190062,26,335,25,335,26,335,25,335,25
335,335,25,335,26,3190466,25,335,25,335,25,335,25,335,25
335,335,25,335,25,3190870,26,335,25,335,25,335,25,335,25
335,335,25,335,26,3191273,25,335,25,335,25,335,25,335,26
335,335,25,335,26,3191676,25,335,25,335,25,335,25,335,25
335,335,25,335,26,3192081,25,335,25,335,25,335,25,335,25
335,335,25,335,25,3192484,25,335,25,335,25,335,25,335,26
335,335,25,335,25,3192888,25,335,25,335,25,335,25,335,25
335,335,25,335,26,3193292,25,335,25,335,25,335,25,335,25
335,335,26,335,26,3193696,26,335,25,335,25,335,25,335,25
335,335,25,335,26,3194099,26,335,25,335,25,335,26,335,25
335,335,25,335,26,3194504,25,335,25,335,25,335,25,335,25
335,335,25,335,25,3194907,25,335,26,335,26,335,25,335,25
335,335,25,335,25,3195311,25,335,25,335,25,335,25,335,25
335,335,25,335,25,3195715,25,335,26,335,25,335,25,335,25
335,335,25,335,25,3196119,25,335,25,335,26,335,25,335,25
335,335,25,335,25,3196522,25,335,25,335,25,335,25,335,25
335,335,25,335,25,3196925,26,335,25,335,26,335,26,335,25
335,335,25,335,25,3197330,25,335,25,335,25,335,25,335,25
335,335,25,335,26,3197733,26,335,26,335,25,335,26,335,25
335,335,26,335,25,3198137,25,335,25,335,25,335,25,335,25
335,335,25,335,25,3198541,25,335,25,335,25,335,25,335,25
335,335,25,335,25,3198945,26,335,25,335,25,335,25,335,25
335,335,25,335,26,3199348,25,335,25,335,25,335,25,335,25
335,335,25,335,25,3199753,25,335,25,335,26,335,26,335,25
335,335,25,335,26,3200156,25,335,25,335,25,335,25,335,25
335,335,25,335,25,3200560,26,335,25,335,25,335,25,335,25
335,335,25,335,25,3200964,26,335,25,335,25,335,25,335,25
335,335,25,335,25,3201368,26,335,25,335,25,335,25,335,25
335,335,25,335,25,3201771,25,335,25,335,25,335,25,335,25
335,335,25,335,25,3202174,25,335,25,335,25,335,25,335,25
335,335,25,335,25,3202579,25,335,25,335,25,335,25,335,25
335,335,25,335,25,3202982,25,335,26,335,25,335,25,335,26
335,335,25,335,26,3203386,26,335,25,335,25,335,25,335,25
335,335,25,335,25,3203790,25,335,25,335,25,335,25,335,25
335,335,25,335,25,3204194,25,335,25,335,25,335,25,335,25
335,335,25,335,26,3204597,25,335,25,335,25,335,26,335,25
335,335,25,335,25,3205002,25,335,25,335,26,335,26,335,25
335,335,25,335,26,3205405,26,335,25,335,25,335,25,335,26
335,335,25,335,25,3205809,25,335,26,335,25,335,25,335,25
335,335,25,335,25,3206213,25,335,25,335,25,335,25,335,25
335,335,25,335,25,3206617,25,335,25,335,26,335,25,335,25
335,335,26,335,25,3207020,25,335,25,335,25,335,26,335,26
335,335,25,335,25,3207424,25,335,25,335,25,335,25,335,25
335,335,25,335,26,3207828,26,335,25,335,25,335,25,335,26
335,335,25,335,26,3208231,25,335,25,335,26,335,25,335,25
335,335,25,335,25,3208635,25,335,25,335,26,335,25,335,25
335,335,25,335,25,3209039,25,335,25,335,25,335,26,335,25
335,335,25,335,25,3209443,25,335,26,335,25,335,25,335,25
335,335,25,335,26,3209846,25,335,26,335,25,335,26,335,25
335,335,25,335,25,3210251,25,335,25,335,25,335,25,335,25
335,335,25,335,25,3210654,25,335,25,335,26,335,25,335,25
335,335,25,335,25,3211058,25,335,25,335,25,335,25,335,25
335,335,25,335,26,3211461,25,335,25,335,25,335,25,335,25
335,335,25,335,25,3211866,25,335,25,335,25,335,25,335,25
335,335,25,335,25,3212269,25,335,26,335,25,335,25,335,25
335,335,25,335,25,3212673,26,335,26,335,25,335,25,335,25
335,335,25,335,25,3213077,26,335,25,335,25,335,25,335,25
335,335,25,335,26,3213480,25,335,25,335,25,335,25,335,25
335,335,25,335,25,3213884,25,335,25,335,25,335,26,335,25
335,335,25,335,25,3214288,25,335,25,335,26,335,25,335,25
335,335,25,335,26,3214692,25,335,25,335,25,335,26,335,25
335,335,25,335,25,3215095,26,335,25,335,25,335,26,335,25
335,335,25,335,25,3215499,25,335,25,335,25,335,25,335,25
335,335,25,335,25,3215903,25,335,26,335,25,335,25,335,25
335,335,25,335,25,3216307,25,335,25,335,26,335,25,335,25
335,335,25,335,25,3216710,25,335,25,335,25,335,26,335,25
335,335,25,335,26,3217115,25,335,25,335,26,335,25,335,26
335,335,25,335,25,3217518,25,335,25,335,25,335,26,335,25
335,335,25,335,25,3217922,25,335,26,335,25,335,25,335,26
335,335,25,335,25,3218326,25,335,25,335,26,335,26,335,25
335,335,25,335,25,3218729,25,335,25,335,25,335,26,335,26
335,335,25,335,25,3219133,25,335,25,335,25,335,25,335,25
335,335,25,335,25,3219537,26,335,25,335,26,335,25,335,25
335,335,25,335,25,3219941,25,335,26,335,25,335,25,335,26
335,335,25,335,25,3220344,25,335,26,335,26,335,25,335,25
335,335,25,335,25,3220748,25,335,25,335,25,335,26,335,25
335,335,25,335,25,3221152,26,335,25,335,25,335,26,335,25
335,335,25,335,25,3221556,25,335,25,335,25,335,25,335,25
335,335,25,335,25,3221959,25,335,25,335,25,335,25,335,26
335,335,25,335,25,3222364,25,335,25,335,25,335,25,335,25
335,335,25,335,26,3222767,25,335,25,335,25,335,25,335,25
335,335,25,335,25,3223171,26,335,25,335,26,335,25,335,25
335,335,25,335,26,3223575,26,335,25,335,25,335,25,335,25
335,335,25,335,25,3223979,25,335,25,335,25,335,25,335,26
335,335,25,335,25,3224382,25,335,25,335,26,335,25,335,25
335,335,25,335,25,3224785,25,335,25,335,26,335,25,335,25
335,335,25,335,25,3225190,25,335,25,335,25,335,25,335,25
335,335,25,335,25,3225593,25,335,25,335,25,335,25,335,25
335,335,25,335,25,3225997,25,335,25,335,25,335,26,335,25
335,335,25,335,25,3226401,25,335,25,335,25,335,25,335,26
335,335,25,335,25,3226805,25,335,25,335,25,335,25,335,25
335,335,25,335,25,3227208,25,335,25,335,25,335,26,335,25
335,335,25,335,25,3227613,25,335,25,335,25,335,25,335,25
335,335,25,335,26,3228016,25,335,25,335,25,335,25,335,25
335,335,25,335,25,3228420,25,335,25,335,25,335,25,335,26
335,335,25,335,25,3228823,26,335,25,335,26,335,25,335,25
335,335,25,335,25,3229228,25,335,25,335,25,335,25,335,25
335,335,25,335,25,3229631,25,335,26,335,25,335,25,335,25
335,335,25,335,25,3230034,25,335,25,335,25,335,25,335,25
335,335,25,335,25,3230439,25,335,25,335,26,335,25,335,25
335,335,25,335,25,3230842,25,335,25,335,25,335,25,335,25
335,335,25,335,25,3231246,25,335,25,335,25,335,25,335,25
335,335,25,335,25,3231650,25,335,25,335,25,335,25,335,26
335,335,25,335,25,3232054,25,335,25,335,25,335,25,335,25
335,335,25,335,25,3232457,25,335,25,335,25,335,25,335,25
335,335,25,335,25,3232862,25,335,26,335,25,335,26,335,25
335,335,25,335,25,3233265,25,335,25,335,25,335,25,335,25
335,335,25,335,25,3233669,25,335,25,335,25,335,25,335,25
335,335,25,335,25,3234072,25,335,25,335,25,335,25,335,25
335,335,25,335,26,3234477,25,335,25,335,25,335,25,335,25
335,335,25,335,26,3234880,26,335,25,335,25,335,25,335,25
335,335,25,335,25,3235283,25,335,25,335,25,335,25,335,25
335,335,25,335,25,3235688,25,335,25,335,25,335,26,335,25
335,335,25,335,25,3236091,25,335,25,335,25,335,25,335,25
335,335,25,335,25,3236495,26,335,25,335,25,335,25,335,25
335,335,25,335,25,3236899,25,335,25,335,25,335,25,335,25
335,335,25,335,25,3237303,26,335,25,335,25,335,25,335,25
335,335,25,335,25,3237706,26,335,25,335,25,335,25,335,25
335,335,25,335,25,3238110,25,335,26,335,25,335,25,335,25
335,335,25,335,26,3238514,25,335,25,335,25,335,25,335,25
335,335,25,335,25,3238918,25,335,25,335,25,335,25,335,25
335,335,25,335,25,3239321,25,335,25,335,25,335,26,335,25
335,335,25,335,26,3239726,25,335,26,335,25,335,26,335,25
335,335,25,335,25,3240129,25,335,25,335,25,335,25,335,25
335,335,25,335,25,3240532,25,335,25,335,26,335,25,335,25
335,335,25,335,25,3240937,25,335,25,335,25,335,25,335,25
335,335,25,335,26,3241340,25,335,26,335,26,335,26,335,25
335,335,25,335,26,3241744,25,335,25,335,25,335,25,335,26
335,335,25,335,26,3242148,25,335,25,335,25,335,25,335,26
335,335,25,335,25,3242552,25,335,25,335,25,335,25,335,26
335,335,25,335,25,3242955,25,335,25,335,26,335,25,335,25
335,335,25,335,25,3243359,25,335,25,335,26,335,25,335,25
335,335,25,335,25,3243763,25,335,25,335,26,335,25,335,25
335,335,25,335,25,3244167,25,335,25,335,25,335,25,335,25
335,335,25,335,25,3244570,26,335,25,335,25,335,25,335,25
335,335,25,335,25,3244975,25,335,25,335,25,335,25,335,25
335,335,25,335,25,3245378,25,335,25,335,25,335,26,335,25
335,335,25,335,25,3245782,25,335,25,335,25,335,26,335,25
335,335,25,335,25,3246186,25,335,25,335,25,335,26,335,26
335,335,25,335,25,3246589,26,335,25,335,26,335,26,335,25
335,335,25,335,26,3246993,25,335,26,335,25,335,25,335,25
335,335,25,335,25,3247396,25,335,25,335,25,335,25,335,25
335,335,25,335,26,3247801,25,335,25,335,26,335,25,335,25
335,335,25,335,25,3248204,25,335,25,335,25,335,25,335,26
335,335,25,335,25,3248608,25,335,25,335,25,335,26,335,25
335,335,25,335,25,3249012,25,335,25,335,25,335,25,335,25
335,335,25,335,25,3249416,25,335,25,335,25,335,25,335,25
335,335,25,335,25,3249819,25,335,25,335,25,335,25,335,25
335,335,25,335,25,3250224,25,335,25,335,25,335,25,335,25
335,335,25,335,25,3250627,25,335,25,335,25,335,25,335,25
335,335,26,335,25,3251031,25,335,25,335,26,335,26,335,25
335,335,25,335,25,3251434,25,335,25,335,25,335,25,335,26
335,335,25,335,26,3251838,26,335,26,335,25,335,26,335,25
335,335,25,335,25,3252242,25,335,25,335,25,335,25,335,25
335,335,25,335,25,3252645,25,335,25,335,25,335,25,335,25
335,335,25,335,25,3253050,25,335,25,335,25,335,25,335,25
335,335,25,335,25,3253453,25,335,25,335,25,335,26,335,25
335,335,25,335,25,3253857,25,335,25,335,25,335,25,335,25
335,335,26,335,25,3254261,25,335,25,335,25,335,26,335,25
335,335,25,335,25,3254665,25,335,25,335,25,335,25,335,25
335,335,25,335,25,3255068,25,335,25,335,25,335,25,335,25
335,335,25,335,25,3255473,25,335,25,335,26,335,25,335,25
335,335,25,335,25,3255876,25,335,25,335,25,335,25,335,25
335,335,25,335,25,3256280,25,335,25,335,25,335,25,335,25
335,335,25,335,25,3256683,25,335,25,335,25,335,25,335,25
335,335,25,335,25,3257088,25,335,25,335,25,335,25,335,25
335,335,25,335,25,3257491,25,335,25,335,25,335,25,335,25
335,335,25,335,25,3257894,25,335,25,335,25,335,25,335,25
335,335,25,335,25,3258299,25,335,25,335,25,335,25,335,25
335,335,25,335,26,3258702,26,335,25,335,25,335,25,335,26
335,335,25,335,25,3259106,25,335,25,335,25,335,25,335,25
335,335,25,335,25,3259510,25,335,25,335,25,335,25,335,25
335,335,25,335,25,3259914,25,335,25,335,25,335,25,335,25
335,335,25,335,25,3260317,25,335,25,335,25,335,25,335,25
335,335,25,335,25,3260721,25,335,26,335,25,335,25,335,25
335,335,25,335,25,3261125,25,335,25,335,25,335,25,335,25
335,335,25,335,25,3261529,25,335,25,335,25,335,25,335,25
335,335,25,335,25,3261932,25,335,25,335,25,335,25,335,25
335,335,25,335,26,3262337,26,335,25,335,25,335,25,335,25
335,335,25,335,25,3262740,25,335,25,335,25,335,26,335,25
335,335,25,335,25,3263143,26,335,25,335,25,335,25,335,25
335,335,25,335,25,3263548,25,335,26,335,25,335,25,335,25
335,335,25,335,25,3263951,25,335,25,335,25,335,25,335,25
335,335,25,335,25,3264355,25,335,26,335,25,335,25,335,25
335,335,25,335,25,3264759,25,335,25,335,25,335,25,335,25
335,335,25,335,25,3265163,25,335,25,335,26,335,25,335,25
335,335,25,335,25,3265566,25,335,25,335,25,335,26,335,25
335,335,25,335,26,3265970,25,335,25,335,25,335,25,335,25
335,335,25,335,25,3266374,25,335,25,335,25,335,25,335,26
335,335,25,335,25,3266778,25,335,25,335,25,335,25,335,25
335,335,25,335,25,3267181,26,335,25,335,25,335,25,335,25
335,335,25,335,25,3267586,25,335,25,335,26,335,25,335,25
335,335,25,335,25,3267989,25,335,25,335,25,335,25,335,26
335,335,25,335,25,3268392,25,335,25,335,25,335,25,335,26
335,335,25,335,25,3268797,25,335,25,335,25,335,25,335,25
335,335,25,335,25,3269200,25,335,26,335,25,335,25,335,25
335,335,25,335,25,3269604,25,335,25,335,25,335,25,335,25
335,335,25,335,25,3270007,25,335,26,335,25,335,25,335,25
335,335,25,335,25,3270412,25,335,25,335,25,335,25,335,25
335,335,25,335,25,3270815,25,335,25,335,25,335,25,335,26
335,335,25,335,26,3271219,25,335,25,335,25,335,25,335,25
335,335,25,335,25,3271623,25,335,25,335,25,335,25,335,25
335,335,25,335,25,3272027,25,335,25,335,25,335,25,335,25
335,335,25,335,25,3272430,26,335,25,335,26,335,25,335,25
335,335,25,335,25,3272835,25,335,26,335,25,335,25,335,25
335,335,25,335,25,3273238,25,335,25,335,25,335,25,335,25
335,335,25,335,26,3273641,25,335,25,335,25,335,25,335,25
335,335,25,335,25,3274045,26,335,25,335,25,335,25,335,25
335,335,25,335,25,3274449,25,335,25,335,25,335,25,335,25
335,335,25,335,25,3274853,26,335,26,335,25,335,25,335,25
335,335,25,335,25,3275256,25,335,25,335,25,335,25,335,25
335,335,25,335,25,3275661,25,335,25,335,25,335,25,335,25
335,335,25,335,25,3276064,25,335,25,335,25,335,25,335,25
335,335,25,335,25,3276468,25,335,25,335,25,335,25,335,25
335,335,25,335,25,3276872,25,335,25,335,25,335,25,335,25
335,335,25,335,25,3277276,25,335,25,335,25,335,26,335,26
335,335,25,335,25,3277679,25,335,25,335,25,335,25,335,26
335,335,25,335,26,3278084,25,335,25,335,25,335,26,335,25
335,335,25,335,25,3278487,25,335,25,335,25,335,25,335,25
335,335,25,335,25,3278891,25,335,26,335,25,335,25,335,25
335,335,25,335,25,3279294,25,335,25,335,25,335,25,335,25
335,335,25,335,25,3279698,25,335,25,335,25,335,25,335,25
335,335,25,335,26,3280102,25,335,25,335,25,335,25,335,25
335,335,25,335,26,3280505,25,335,25,335,25,335,25,335,25
335,335,25,335,25,3280910,25,335,25,335,25,335,25,335,25
335,335,25,335,25,3281313,25,335,25,335,25,335,25,335,25
335,335,25,335,25,3281717,25,335,25,335,25,335,25,335,25
335,335,25,335,25,3282121,26,335,25,335,25,335,25,335,25
335,335,25,335,25,3282525,25,335,25,335,25,335,25,335,25
335,335,25,335,25,3282928,25,335,25,335,25,335,25,335,25
335,335,25,335,25,3283332,25,335,25,335,25,335,25,335,25
335,335,25,335,25,3283736,25,335,26,335,25,335,25,335,25
335,335,25,335,25,3284140,25,335,25,335,25,335,25,335,25
335,335,25,335,25,3284543,26,335,25,335,25,335,25,335,25
335,335,25,335,25,3284947,25,335,25,335,25,335,25,335,25
335,335,25,335,25,3285351,25,335,25,335,25,335,26,335,25
335,335,25,335,25,3285754,25,335,25,335,25,335,25,335,25
335,335,25,335,25,3286159,25,335,25,335,25,335,25,335,25
335,335,25,335,25,3286562,25,335,25,335,25,335,25,335,25
335,335,25,335,25,3286966,25,335,25,335,25,335,25,335,25
335,335,25,335,25,3287370,25,335,25,335,25,335,25,335,25
335,335,25,335,25,3287774,25,335,25,335,25,335,26,335,25
335,335,25,335,25,3288177,25,335,25,335,26,335,25,335,25
335,335,25,335,25,3288581,25,335,25,335,25,335,25,335,25
335,335,25,335,25,3288985,25,335,25,335,25,335,26,335,25
335,335,25,335,25,3289389,25,335,25,335,25,335,25,335,25
335,335,25,335,25,3289792,25,335,25,335,25,335,25,335,25
335,335,25,335,25,3290196,25,335,25,335,25,335,25,335,25
335,335,25,335,25,3290600,25,335,25,335,25,335,25,335,26
335,335,25,335,25,3291003,26,335,25,335,25,335,25,335,25
335,335,25,335,25,3291408,25,335,25,335,25,335,25,335,25
335,335,25,335,25,3291811,26,335,25,335,25,335,25,335,25
335,335,25,335,25,3292215,25,335,25,335,25,335,25,335,25
335,335,25,335,25,3292618,25,335,25,335,25,335,25,335,25
335,335,25,335,25,3293023,25,335,25,335,25,335,25,335,25
335,335,25,335,26,3293426,25,335,25,335,25,335,25,335,25
335,335,25,335,25,3293830,25,335,25,335,25,335,25,335,25
335,335,25,335,25,3294234,25,335,26,335,25,335,25,335,25
335,335,25,335,25,3294638,25,335,25,335,25,335,25,335,26
335,335,25,335,26,3295041,25,335,25,335,25,335,26,335,25
335,335,25,335,25,3295446,25,335,25,335,25,335,25,335,25
335,335,25,335,25,3295849,26,335,25,335,25,335,25,335,26
335,335,25,335,25,3296252,25,335,25,335,26,335,25,335,25
335,335,25,335,25,3296656,25,335,25,335,25,335,25,335,25
335,335,25,335,25,3297060,25,335,25,335,26,335,25,335,25
335,335,25,335,25,3297464,25,335,25,335,25,335,25,335,25
335,335,25,335,25,3297867,25,335,25,335,25,335,25,335,25
335,335,25,335,25,3298272,25,335,25,335,25,335,25,335,26
335,335,25,335,25,3298675,25,335,25,335,25,335,25,335,25
335,335,25,335,25,3299079,25,335,25,335,25,335,26,335,25
335,335,25,335,25,3299483,25,335,25,335,25,335,25,335,25
335,335,25,335,25,3299887,26,335,25,335,26,335,25,335,26
335,335,25,335,25,3300290,25,335,26,335,25,335,25,335,25
335,335,25,335,25,3300694,25,335,25,335,25,335,25,335,25
335,335,25,335,25,3301098,25,335,25,335,26,335,25,335,25
335,335,25,335,25,3301501,25,335,25,335,25,335,25,335,25
335,335,25,335,26,3301905,25,335,25,335,25,335,25,335,25
335,335,25,335,25,3302309,25,335,25,335,25,335,25,335,25
335,335,25,335,26,3302713,25,335,25,335,25,335,25,335,25
335,335,25,335,26,3303116,25,335,25,335,25,335,25,335,25
335,335,25,335,25,3303521,25,335,25,335,25,335,25,335,25
335,335,25,335,25,3303924,25,335,25,335,25,335,25,335,25
335,335,25,335,25,3304328,25,335,26,335,25,335,25,335,25
335,335,25,335,25,3304731,25,335,25,335,26,335,25,335,25
335,335,25,335,25,3305136,26,335,25,335,25,335,25,335,25
335,335,25,335,25,3305539,25,335,25,335,25,335,25,335,25
335,335,25,335,25,3305943,25,335,26,335,25,335,25,335,25
335,335,25,335,25,3306347,25,335,25,335,25,335,25,335,25
335,335,25,335,25,3306750,26,335,25,335,25,335,25,335,25
335,335,25,335,25,3307154,25,335,25,335,25,335,25,335,25
335,335,25,335,25,3307558,25,335,25,335,25,335,25,335,25
335,335,25,335,25,3307962,26,335,25,335,25,335,25,335,25
335,335,25,335,25,3308365,26,335,25,335,25,335,25,335,25
335,335,25,335,25,3308770,25,335,25,335,25,335,25,335,25
335,335,25,335,25,3309173,25,335,26,335,25,335,25,335,25
335,335,25,335,25,3309577,25,335,25,335,25,335,25,335,25
335,335,25,335,25,3309980,25,335,25,335,25,335,26,335,25
335,335,25,335,26,3310385,26,335,25,335,25,335,25,335,26
335,335,25,335,25,3310788,25,335,26,335,25,335,25,335,25
335,335,25,335,25,3311192,25,335,25,335,25,335,25,335,25
335,335,25,335,25,3311596,25,335,25,335,25,335,26,335,25
335,335,25,335,26,3312000,25,335,25,335,25,335,25,335,25
335,335,25,335,25,3312403,25,335,26,335,25,335,25,335,25
335,335,25,335,25,3312807,26,335,25,335,25,335,25,335,25
335,335,25,335,25,3313211,25,335,26,335,25,335,26,335,25
335,335,25,335,25,3313614,25,335,25,335,25,335,26,335,25
335,335,25,335,25,3314018,25,335,26,335,25,335,25,335,25
335,335,25,335,26,3314422,26,335,25,335,25,335,25,335,25
335,335,25,335,26,3314826,25,335,25,335,25,335,25,335,25
335,335,25,335,25,3315229,26,335,25,335,25,335,25,335,25
335,335,25,335,25,3315634,25,335,25,335,25,335,25,335,25
335,335,25,335,25,3316037,25,335,25,335,25,335,25,335,25
335,335,25,335,26,3316441,25,335,25,335,25,335,26,335,26
335,335,25,335,25,3316845,25,335,25,335,25,335,25,335,25
335,335,25,335,26,3317249,25,335,25,335,25,335,25,335,25
335,335,25,335,26,3317652,25,335,25,335,25,335,25,335,25
335,335,25,335,26,3318055,25,335,25,335,25,335,25,335,25
335,335,25,335,26,3318460,25,335,25,335,25,335,25,335,25
335,335,25,335,25,3318863,26,335,25,335,25,335,25,335,25
335,335,25,335,25,3319267,25,335,25,335,25,335,25,335,25
335,335,25,335,25,3319671,25,335,25,335,25,335,25,335,25
335,335,25,335,25,3320075,25,335,25,335,25,335,25,335,25
335,335,25,335,25,3320478,25,335,25,335,25,335,25,335,25
335,335,25,335,25,3320883,25,335,25,335,26,335,25,335,25
335,335,25,335,25,3321286,26,335,25,335,25,335,25,335,25
335,335,25,335,25,3321690,25,335,25,335,25,335,25,335,25
335,335,25,335,25,3322094,26,335,25,335,25,335,25,335,25
335,335,25,335,25,3322498,25,335,25,335,25,335,25,335,25
335,335,25,335,25,3322901,25,335,25,335,25,335,25,335,25
335,335,25,335,25,3323304,25,335,25,335,25,335,25,335,25
335,335,25,335,25,3323709,25,335,25,335,25,335,25,335,25
335,335,25,335,25,3324112,25,335,25,335,25,335,25,335,25
335,335,25,335,25,3324516,26,335,25,335,25,335,25,335,25
335,335,25,335,25,3324920,25,335,25,335,25,335,25,335,25
335,335,25,335,25,3325324,25,335,25,335,25,335,25,335,25
335,335,25,335,25,3325727,25,335,25,335,25,335,26,335,25
335,335,25,335,25,3326132,25,335,25,335,26,335,25,335,25
335,335,25,335,25,3326535,25,335,25,335,25,335,25,335,25
335,335,25,335,25,3326939,26,335,25,335,25,335,25,335,25
335,335,25,335,25,3327342,25,335,25,335,25,335,25,335,25
335,335,25,335,25,3327747,25,335,25,335,25,335,25,335,25
335,335,25,335,26,3328150,25,335,25,335,25,335,25,335,25
335,335,25,335,25,3328553,25,335,25,335,25,335,25,335,25
335,335,25,335,25,3328958,25,335,26,335,25,335,25,335,25
335,335,25,335,25,3329361,25,335,25,335,25,335,26,335,25
335,335,25,335,25,3329765,25,335,25,335,25,335,26,335,25
335,335,25,335,25,3330169,25,335,25,335,25,335,25,335,25
335,335,25,335,25,3330573,25,335,25,335,25,335,25,335,25
335,335,25,335,25,3330976,25,335,25,335,25,335,25,335,25
335,335,25,335,25,3331381,25,335,25,335,25,335,25,335,25
335,335,25,335,25,3331784,25,335,25,335,25,335,25,335,25
335,335,25,335,26,3332188,25,335,25,335,25,335,25,335,25
335,335,25,335,25,3332591,25,335,25,335,25,335,25,335,25
335,335,25,335,26,3332996,25,335,25,335,25,335,25,335,25
335,335,25,335,25,3333399,25,335,25,335,26,335,25,335,25
335,335,25,335,25,3333803,25,335,25,335,25,335,25,335,25
335,335,25,335,25,3334207,25,335,25,335,25,335,25,335,25
335,335,25,335,25,3334610,25,335,25,335,25,335,25,335,25
335,335,25,335,25,3335014,25,335,25,335,25,335,25,335,25
335,335,25,335,25,3335418,25,335,25,335,25,335,25,335,25
335,335,25,335,25,3335822,25,335,25,335,25,335,25,335,25
335,335,25,335,25,3336225,25,335,25,335,25,335,25,335,25
335,335,25,335,25,3336629,25,335,25,335,25,335,25,335,25
335,335,25,335,25,3337033,25,335,25,335,25,335,25,335,25
335,335,25,335,25,3337437,25,335,25,335,25,335,26,335,25
335,335,25,335,25,3337840,25,335,25,335,25,335,25,335,25
335,335,25,335,25,3338245,25,335,25,335,25,335,25,335,25
335,335,25,335,25,3338648,25,335,25,335,25,335,25,335,25
335,335,25,335,25,3339052,25,335,25,335,25,335,25,335,25
335,335,25,335,25,3339456,25,335,25,335,25,335,25,335,25
335,335,25,335,25,3339859,25,335,25,335,25,335,25,335,25
335,335,25,335,25,3340263,25,335,25,335,25,335,25,335,25
335,335,25,335,25,3340666,25,335,25,335,25,335,25,335,25
335,335,25,335,25,3341071,25,335,25,335,25,335,25,335,26
335,335,25,335,25,3341474,25,335,25,335,25,335,25,335,25
335,335,25,335,25,3341878,25,335,25,335,25,335,25,335,25
335,335,25,335,25,3342282,25,335,25,335,25,335,25,335,25
335,335,25,335,25,3342686,25,335,25,335,25,335,25,335,25
335,335,25,335,25,3343089,25,335,25,335,25,335,25,335,26
335,335,25,335,26,3343494,25,335,25,335,25,335,25,335,25
335,335,25,335,25,3343897,25,335,25,335,25,335,25,335,25
335,335,25,335,25,3344301,25,335,25,335,25,335,25,335,25
335,335,25,335,25,3344704,25,335,25,335,25,335,25,335,25
335,335,25,335,26,3345108,25,335,25,335,26,335,25,335,25
335,335,25,335,25,3345512,25,335,25,335,25,335,25,335,25
335,335,25,335,25,3345915,25,335,25,335,25,335,25,335,25
335,335,25,335,25,3346320,25,335,25,335,25,335,25,335,25
335,335,25,335,26,3346723,25,335,25,335,25,335,25,335,25
335,335,25,335,25,3347127,25,335,25,335,25,335,25,335,25
335,335,25,335,25,3347531,25,335,25,335,25,335,26,335,25
335,335,25,335,26,3347935,26,335,25,335,25,335,25,335,25
335,335,25,335,25,3348338,25,335,25,335,25,335,25,335,25
335,335,25,335,25,3348743,25,335,26,335,25,335,25,335,25
335,335,25,335,25,3349146,25,335,25,335,25,335,25,335,25
335,335,25,335,25,3349550,25,335,25,335,25,335,25,335,26
335,335,25,335,25,3349953,25,335,25,335,25,335,25,335,25
335,335,25,335,26,3350358,26,335,25,335,25,335,25,335,25
335,335,25,335,25,3350761,25,335,25,335,25,335,25,335,25
335,335,25,335,25,3351164,25,335,25,335,25,335,25,335,25
335,335,25,335,25,3351569,25,335,25,335,25,335,25,335,25
335,335,25,335,25,3351972,25,335,25,335,25,335,25,335,25
335,335,25,335,25,3352376,25,335,25,335,25,335,25,335,25
335,335,25,335,25,3352780,25,335,25,335,25,335,25,335,25
335,335,25,335,25,3353184,25,335,25,335,25,335,25,335,25
335,335,25,335,25,3353587,25,335,25,335,25,335,25,335,25
335,335,25,335,25,3353991,25,335,25,335,25,335,25,335,25
335,335,25,335,25,3354395,25,335,25,335,25,335,25,335,25
335,335,25,335,25,3354799,25,335,25,335,25,335,25,335,25
335,335,25,335,25,3355202,25,335,25,335,26,335,26,335,25
335,335,25,335,25,3355607,25,335,25,335,25,335,25,335,25
335,335,25,335,25,3356010,25,335,25,335,25,335,25,335,25
335,335,25,335,25,3356413,25,335,25,335,25,335,25,335,25
335,335,25,335,26,3356818,25,335,25,335,25,335,25,335,25
335,335,25,335,25,3357221,25,335,26,335,25,335,25,335,25
335,335,25,335,25,3357625,26,335,25,335,26,335,25,335,25
335,335,25,335,25,3358028,25,335,25,335,25,335,25,335,25
335,335,25,335,25,3358433,25,335,25,335,25,335,25,335,25
335,335,25,335,25,3358836,25,335,25,335,25,335,25,335,25
335,335,25,335,25,3359240,25,335,25,335,25,335,25,335,25
335,335,25,335,25,3359644,25,335,26,335,25,335,25,335,25
335,335,25,335,25,3360048,25,335,25,335,25,335,26,335,25
335,335,25,335,26,3360451,25,335,25,335,25,335,26,335,25
335,335,25,335,25,3360856,25,335,25,335,25,335,25,335,25
335,335,25,335,25,3361259,25,335,25,335,25,335,25,335,25
335,335,25,335,25,3361662,25,335,26,335,25,335,25,335,25
335,335,25,335,25,3362067,25,335,25,335,25,335,25,335,25
335,335,25,335,25,3362470,25,335,26,335,25,335,25,335,25
335,335,25,335,25,3362874,25,335,25,335,25,335,26,335,25
335,335,25,335,25,3363277,25,335,25,335,26,335,25,335,26
335,335,25,335,25,3363682,25,335,25,335,25,335,25,335,25
335,335,25,335,25,3364085,25,335,25,335,25,335,25,335,25
335,335,25,335,25,3364489,25,335,25,335,25,335,25,335,25
335,335,25,335,25,3364893,25,335,25,335,26,335,25,335,25
335,335,25,335,25,3365297,25,335,25,335,25,335,25,335,25
335,335,25,335,25,3365700,25,335,25,335,25,335,25,335,25
335,335,25,335,25,3366105,26,335,25,335,25,335,25,335,25
335,335,25,335,25,3366508,25,335,25,335,25,335,25,335,25
335,335,25,335,25,3366912,25,335,25,335,26,335,25,335,25
335,335,25,335,25,3367315,25,335,25,335,25,335,25,335,25
335,335,25,335,25,3367719,25,335,25,335,25,335,25,335,25
335,335,25,335,25,3368123,25,335,25,335,25,335,25,335,25
335,335,25,335,25,3368526,26,335,25,335,25,335,25,335,25
335,335,25,335,25,3368931,25,335,26,335,25,335,25,335,25
335,335,25,335,25,3369334,25,335,25,335,25,335,25,335,25
335,335,25,335,25,3369738,25,335,25,335,25,335,26,335,25
335,335,25,335,25,3370142,25,335,25,335,25,335,25,335,25
335,335,25,335,26,3370546,26,335,25,335,25,335,25,335,26
335,335,25,335,25,3370949,25,335,25,335,26,335,25,335,25
335,335,25,335,25,3371353,25,335,26,335,25,335,25,335,25
335,335,25,335,25,3371757,25,335,25,335,25,335,25,335,25
335,335,25,335,25,3372161,25,335,25,335,25,335,25,335,25
335,335,25,335,26,3372564,25,335,25,335,25,335,25,335,25
335,335,25,335,25,3372968,25,335,25,335,25,335,25,335,25
335,335,25,335,25,3373372,25,335,25,335,25,335,25,335,25
335,335,25,335,25,3373775,25,335,25,335,25,335,25,335,25
335,335,25,335,25,3374180,26,335,25,335,25,335,25,335,25
335,335,25,335,25,3374583,25,335,25,335,25,335,25,335,25
335,335,25,335,25,3374987,25,335,25,335,25,335,25,335,25
335,335,25,335,25,3375391,25,335,25,335,25,335,25,335,25
335,335,25,335,25,3375795,25,335,25,335,25,335,25,335,25
335,335,25,335,25,3376198,25,335,25,335,25,335,25,335,26
335,335,25,335,25,3376602,25,335,25,335,25,335,25,335,26
335,335,25,335,26,3377006,26,335,25,335,25,335,25,335,25
335,335,25,335,25,3377410,25,335,25,335,26,335,25,335,25
335,335,25,335,25,3377813,25,335,25,335,25,335,25,335,25
335,335,25,335,25,3378217,25,335,25,335,25,335,26,335,25
335,335,25,335,25,3378621,25,335,25,335,25,335,25,335,25
335,335,25,335,25,3379024,26,335,25,335,25,335,25,335,25
335,335,25,335,25,3379429,25,335,25,335,25,335,25,335,25
335,335,25,335,25,3379832,25,335,25,335,25,335,25,335,25
335,335,25,335,25,3380236,25,335,25,335,25,335,25,335,25
335,335,25,335,25,3380639,25,335,25,335,25,335,25,335,25
335,335,25,335,25,3381044,25,335,25,335,25,335,25,335,25
335,335,25,335,25,3381447,25,335,25,335,25,335,25,335,25
335,335,25,335,25,3381851,26,335,25,335,25,335,25,335,25
335,335,25,335,26,3382255,25,335,25,335,25,335,25,335,25
335,335,25,335,25,3382659,25,335,25,335,26,335,25,335,26
335,335,25,335,25,3383062,25,335,25,335,25,335,25,335,25
335,335,25,335,25,3383467,25,335,25,335,25,335,25,335,25
335,335,25,335,25,3383870,25,335,25,335,25,335,26,335,25
335,335,25,335,25,3384273,25,335,25,335,25,335,25,335,25
335,335,25,335,25,3384677,25,335,25,335,25,335,25,335,25
335,335,25,335,25,3385081,25,335,26,335,25,335,25,335,25
335,335,25,335,25,3385485,25,335,25,335,26,335,25,335,25
335,335,25,335,25,3385888,25,335,25,335,25,335,26,335,25
335,335,25,335,25,3386293,25,335,25,335,25,335,25,335,25
335,335,25,335,25,3386696,25,335,25,335,25,335,25,335,25
335,335,25,335,25,3387100,25,335,25,335,25,335,25,335,25
335,335,25,335,25,3387504,25,335,25,335,25,335,25,335,25
335,335,25,335,25,3387908,25,335,25,335,25,335,25,335,25
335,335,25,335,25,3388311,25,335,25,335,25,335,25,335,25
335,335,25,335,26,3388715,25,335,25,335,25,335,25,335,25
335,335,25,335,25,3389119,25,335,25,335,25,335,25,335,25
335,335,25,335,25,3389522,25,335,25,335,25,335,25,335,25
335,335,25,335,25,3389926,25,335,25,335,25,335,25,335,25
335,335,25,335,25,3390330,25,335,25,335,25,335,25,335,25
335,335,25,335,25,3390734,25,335,25,335,25,335,25,335,25
335,335,25,335,25,3391137,25,335,25,335,26,335,25,335,25
335,335,25,335,25,3391542,25,335,25,335,25,335,25,335,26
335,335,25,335,25,3391945,25,335,25,335,25,335,25,335,25
335,335,25,335,25,3392349,25,335,25,335,25,335,25,335,25
335,335,25,335,25,3392753,25,335,26,335,25,335,25,335,25
335,335,25,335,25,3393157,25,335,25,335,25,335,25,335,25
335,335,25,335,25,3393560,25,335,25,335,25,335,25,335,25
335,335,25,335,25,3393964,25,335,25,335,25,335,25,335,25
335,335,25,335,25,3394368,25,335,25,335,25,335,25,335,25
335,335,25,335,25,3394771,25,335,25,335,25,335,25,335,25
335,335,25,335,25,3395175,25,335,25,335,25,335,25,335,25
335,335,25,335,25,3395579,25,335,25,335,26,335,25,335,25
335,335,25,335,25,3395983,26,335,25,335,25,335,25,335,25
335,335,25,335,25,3396386,26,335,25,335,25,335,25,335,25
335,335,25,335,25,3396791,25,335,25,335,25,335,25,335,25
335,335,25,335,25,3397194,25,335,25,335,25,335,25,335,25
335,335,25,335,25,3397598,25,335,25,335,25,335,25,335,25
335,335,25,335,25,3398001,25,335,25,335,25,335,26,335,25
335,335,25,335,25,3398406,25,335,25,335,25,335,25,335,25
335,335,25,335,26,3398809,25,335,25,335,25,335,25,335,25
335,335,25,335,26,3399213,25,335,25,335,25,335,26,335,25
335,335,25,335,25,3399617,25,335,25,335,25,335,25,335,25
335,335,25,335,25,3400020,25,335,25,335,25,335,25,335,25
335,335,25,335,25,3400424,26,335,25,335,25,335,25,335,25
335,335,26,335,25,3400828,25,335,25,335,25,335,25,335,25
335,335,25,335,26,3401232,25,335,25,335,25,335,25,335,26
335,335,25,335,25,3401635,25,335,25,335,25,335,25,335,26
335,335,25,335,25,3402039,25,335,25,335,25,335,25,335,25
335,335,25,335,25,3402443,25,335,25,335,25,335,25,335,25
335,335,25,335,25,3402847,25,335,25,335,25,335,25,335,25
335,335,25,335,25,3403250,25,335,25,335,25,335,25,335,25
335,335,25,335,26,3403655,25,335,25,335,25,335,25,335,25
335,335,25,335,26,3404058,25,335,25,335,25,335,25,335,25
335,335,25,335,25,3404462,25,335,25,335,25,335,25,335,25
335,335,25,335,25,3404866,25,335,25,335,25,335,25,335,25
335,335,25,335,25,3405270,25,335,25,335,26,335,25,335,26
335,335,25,335,25,3405673,25,335,25,335,25,335,25,335,25
335,335,25,335,26,3406077,25,335,25,335,25,335,25,335,25
335,335,25,335,25,3406481,25,335,25,335,25,335,25,335,25
335,335,25,335,25,3406884,25,335,25,335,25,335,25,335,25
335,335,25,335,25,3407288,25,335,25,335,25,335,25,335,25
335,335,25,335,25,3407692,25,335,25,335,26,335,25,335,25
335,335,25,335,25,3408096,25,335,25,335,25,335,25,335,25
335,335,25,335,25,3408499,25,335,25,335,25,335,25,335,25
335,335,25,335,25,3408904,25,335,25,335,25,335,25,335,25
335,335,25,335,25,3409307,25,335,26,335,25,335,25,335,25
335,335,25,335,25,3409711,25,335,25,335,25,335,25,335,25
335,335,25,335,26,3410115,25,335,25,335,25,335,25,335,25
335,335,25,335,25,3410519,26,335,25,335,25,335,25,335,25
335,335,25,335,25,3410922,25,335,25,335,25,335,25,335,25
335,335,25,335,25,3411325,25,335,25,335,25,335,25,335,25
335,335,25,335,25,3411730,25,335,25,335,25,335,25,335,25
335,335,25,335,25,3412133,25,335,25,335,25,335,25,335,25
335,335,25,335,25,3412537,25,335,25,335,25,335,25,335,25
335,335,25,335,25,3412941,25,335,25,335,25,335,26,335,25
335,335,25,335,25,3413345,25,335,25,335,25,335,25,335,25
335,335,25,335,25,3413748,25,335,25,335,25,335,25,335,25
335,335,25,335,25,3414153,25,335,25,335,25,335,25,335,25
335,335,25,335,25,3414556,25,335,25,335,25,335,25,335,25
335,335,25,335,25,3414960,25,335,26,335,25,335,25,335,25
335,335,25,335,25,3415363,25,335,25,335,25,335,25,335,25
335,335,25,335,25,3415768,25,335,25,335,25,335,25,335,26
335,335,25,335,25,3416171,25,335,25,335,25,335,25,335,25
335,335,25,335,25,3416574,26,335,25,335,25,335,25,335,25
335,335,25,335,25,3416979,25,335,25,335,25,335,25,335,25
335,335,25,335,25,3417382,25,335,25,335,25,335,25,335,26
335,335,25,335,25,3417786,25,335,25,335,25,335,25,335,25
335,335,25,335,26,3418190,25,335,25,335,25,335,26,335,25
335,335,25,335,25,3418594,26,335,25,335,25,335,26,335,25
335,335,25,335,25,3418997,25,335,26,335,26,335,25,335,25
335,335,25,335,25,3419402,25,335,25,335,26,335,25,335,25
335,335,25,335,25,3419805,26,335,25,335,25,335,25,335,25
335,335,25,335,25,3420209,25,335,25,335,25,335,25,335,25
335,335,25,335,25,3420612,25,335,26,335,25,335,26,335,25
335,335,25,335,25,3421017,25,335,25,335,25,335,25,335,26
335,335,25,335,25,3421420,25,335,25,335,25,335,25,335,25
335,335,25,335,25,3421824,25,335,25,335,25,335,25,335,25
335,335,25,335,25,3422228,25,335,25,335,25,335,26,335,25
335,335,25,335,25,3422631,25,335,26,335,25,335,25,335,25
335,335,25,335,25,3423035,25,335,25,335,25,335,25,335,25
335,335,25,335,25,3423439,25,335,25,335,25,335,25,335,25
335,335,25,335,25,3423843,25,335,25,335,25,335,25,335,25
335,335,25,335,25,3424246,25,335,26,335,25,335,26,335,25
335,335,25,335,26,3424650,25,335,25,335,25,335,25,335,25
335,335,25,335,25,3425054,26,335,25,335,25,335,25,335,25
335,335,25,335,25,3425458,25,335,26,335,25,335,25,335,25
335,335,25,335,25,3425861,25,335,25,335,25,335,25,335,25
335,335,25,335,25,3426266,25,335,25,335,25,335,25,335,25
335,335,25,335,25,3426669,25,335,25,335,25,335,25,335,25
335,335,25,335,25,3427073,25,335,25,335,25,335,26,335,26
335,335,25,335,25,3427477,25,335,25,335,25,335,25,335,25
335,335,25,335,25,3427880,25,335,25,335,25,335,25,335,25
335,335,25,335,25,3428284,25,335,25,335,25,335,25,335,25
335,335,25,335,26,3428687,25,335,25,335,25,335,25,335,25
335,335,25,335,26,3429092,25,335,25,335,25,335,25,335,25
335,335,25,335,25,3429495,25,335,25,335,25,335,26,335,25
335,335,25,335,25,3429899,25,335,26,335,25,335,25,335,25
335,335,25,335,25,3430303,25,335,25,335,25,335,25,335,25
335,335,25,335,25,3430707,25,335,25,335,25,335,26,335,25
335,335,25,335,26,3431110,25,335,25,335,25,335,26,335,25
335,335,25,335,25,3431515,25,335,25,335,25,335,25,335,25
335,335,25,335,25,3431918,25,335,25,335,25,335,25,335,25
335,335,25,335,25,3432322,25,335,25,335,25,335,25,335,25
335,335,25,335,25,3432726,25,335,25,335,25,335,25,335,25
335,335,25,335,25,3433129,25,335,25,335,25,335,25,335,25
335,335,25,335,25,3433533,25,335,25,335,25,335,25,335,25
335,335,25,335,25,3433936,25,335,25,335,25,335,25,335,25
335,335,25,335,25,3434341,25,335,25,335,25,335,25,335,25
335,335,25,335,25,3434744,25,335,25,335,25,335,25,335,25
335,335,25,335,25,3435148,25,335,25,335,25,335,25,335,25
335,335,25,335,25,3435552,25,335,25,335,25,335,25,335,25
335,335,25,335,25,3435956,25,335,25,335,25,335,25,335,25
335,335,25,335,25,3436359,25,335,25,335,25,335,25,335,25
335,335,25,335,25,3436764,25,335,25,335,25,335,25,335,25
335,335,25,335,25,3437167,25,335,25,335,25,335,25,335,25
335,335,25,335,25,3437571,25,335,25,335,25,335,25,335,25
335,335,25,335,25,3437974,25,335,25,335,25,335,26,335,25
335,335,25,335,25,3438379,25,335,25,335,25,335,25,335,25
335,335,25,335,25,3438782,25,335,25,335,25,335,25,335,25
335,335,25,335,25,3439185,25,335,25,335,25,335,25,335,26
335,335,25,335,25,3439590,25,335,25,335,25,335,25,335,25
335,335,25,335,25,3439993,25,335,25,335,25,335,26,335,25
335,335,25,335,25,3440397,25,335,25,335,25,335,25,335,25
335,335,25,335,25,3440801,25,335,25,335,25,335,25,335,25
335,335,25,335,25,3441205,25,335,25,335,25,335,25,335,25
335,335,25,335,25,3441608,25,335,25,335,25,335,25,335,25
335,335,25,335,25,3442012,25,335,25,335,25,335,25,335,25
335,335,25,335,25,3442416,25,335,25,335,25,335,25,335,25
335,335,25,335,25,3442820,25,335,25,335,25,335,26,335,25
335,335,25,335,25,3443223,25,335,25,335,25,335,25,335,25
335,335,25,335,25,3443628,25,335,25,335,25,335,25,335,25
335,335,25,335,25,3444031,25,335,25,335,25,335,25,335,25
335,335,25,335,25,3444434,25,335,25,335,25,335,25,335,26
335,335,25,335,25,3444839,25,335,25,335,25,335,25,335,25
335,335,25,335,25,3445242,25,335,25,335,25,335,25,335,25
335,335,25,335,25,3445646,26,335,25,335,25,335,25,335,26
335,335,25,335,25,3446049,25,335,25,335,25,335,25,335,25
335,335,25,335,25,3446454,25,335,25,335,25,335,25,335,25
335,335,25,335,25,3446857,25,335,25,335,25,335,25,335,26
335,335,25,335,25,3447261,25,335,25,335,25,335,25,335,25
335,335,25,335,25,3447665,25,335,25,335,25,335,25,335,25
335,335,25,335,25,3448069,25,335,25,335,25,335,25,335,25
335,335,25,335,25,3448472,25,335,25,335,25,335,25,335,25
335,335,25,335,25,3448877,25,335,25,335,25,335,26,335,25
335,335,25,335,25,3449280,26,335,26,335,25,335,25,335,25
335,335,25,335,25,3449683,25,335,25,335,25,335,25,335,25
335,335,25,335,25,3450088,25,335,25,335,25,335,25,335,25
335,335,25,335,25,3450491,26,335,25,335,25,335,25,335,25
335,335,25,335,25,3450895,25,335,25,335,25,335,25,335,26
335,335,25,335,25,3451298,26,335,25,335,25,335,25,335,26
335,335,25,335,26,3451703,26,335,25,335,25,335,25,335,25
335,335,25,335,25,3452106,25,335,26,335,25,335,25,335,25
335,335,25,335,25,3452510,25,335,25,335,25,335,25,335,25
335,335,25,335,25,3452914,25,335,25,335,25,335,25,335,25
335,335,25,335,25,3453318,25,335,25,335,25,335,25,335,26
335,335,25,335,25,3453721,25,335,25,335,25,335,25,335,25
335,335,25,335,26,3454126,26,335,25,335,25,335,25,335,26
335,335,25,335,25,3454529,25,335,25,335,25,335,25,335,25
335,335,25,335,26,3454932,25,335,26,335,25,335,26,335,25
335,335,25,335,25,3455336,25,335,25,335,26,335,25,335,25
335,335,25,335,25,3455740,25,335,26,335,25,335,25,335,26
335,335,25,335,25,3456144,25,335,25,335,26,335,25,335,25
335,335,25,335,25,3456547,25,335,25,335,25,335,26,335,25
335,335,25,335,25,3456952,25,335,26,335,25,335,25,335,26
335,335,25,335,25,3457355,25,335,26,335,26,335,25,335,25
335,335,25,335,25,3457759,25,335,25,335,25,335,25,335,25
335,335,25,335,25,3458163,25,335,25,335,26,335,25,335,25
335,335,25,335,25,3458567,25,335,25,335,25,335,25,335,26
335,335,25,335,25,3458970,25,335,25,335,25,335,25,335,25
335,335,25,335,25,3459374,25,335,25,335,25,335,25,335,25
335,335,25,335,26,3459778,25,335,25,335,25,335,26,335,25
335,335,25,335,25,3460182,26,335,25,335,25,335,25,335,25
335,335,25,335,25,3460585,25,335,25,335,25,335,25,335,25
335,335,25,335,25,3460989,25,335,25,335,25,335,25,335,25
335,335,25,335,25,3461393,25,335,25,335,25,335,25,335,25
335,335,25,335,26,3461796,25,335,25,335,25,335,25,335,25
335,335,25,335,25,3462201,25,335,25,335,25,335,25,335,25
335,335,25,335,25,3462604,25,335,26,335,25,335,25,335,25
335,335,25,335,25,3463008,25,335,25,335,25,335,25,335,25
335,335,25,335,25,3463412,25,335,25,335,25,335,25,335,25
335,335,25,335,25,3463816,25,335,25,335,25,335,25,335,25
335,335,25,335,25,3464219,25,335,25,335,25,335,25,335,25
335,335,25,335,25,3464623,26,335,25,335,25,335,25,335,25
335,335,25,335,25,3465027,25,335,25,335,25,335,25,335,25
335,335,25,335,25,3465431,25,335,26,335,25,335,25,335,25
335,335,25,335,25,3465834,25,335,25,335,25,335,25,335,25
335,335,25,335,25,3466238,25,335,25,335,25,335,25,335,25
335,335,25,335,25,3466642,25,335,26,335,25,335,25,335,25
335,335,25,335,25,3467045,25,335,26,335,25,335,25,335,25
335,335,25,335,25,3467450,25,335,25,335,25,335,25,335,25
335,335,25,335,25,3467853,25,335,25,335,26,335,25,335,25
335,335,25,335,25,3468257,25,335,25,335,25,335,25,335,25
335,335,25,335,26,3468660,25,335,25,335,25,335,25,335,25
335,335,25,335,25,3469065,25,335,25,335,25,335,26,335,25
335,335,25,335,25,3469468,25,335,25,335,25,335,25,335,25
335,335,25,335,25,3469872,25,335,25,335,25,335,25,335,25
335,335,25,335,25,3470276,25,335,25,335,25,335,25,335,25
335,335,25,335,26,3470680,25,335,25,335,25,335,25,335,25
335,335,25,335,25,3471083,25,335,25,335,25,335,25,335,25
335,335,25,335,25,3471488,25,335,25,335,25,335,25,335,25
335,335,25,335,25,3471891,25,335,25,335,25,335,25,335,25
335,335,25,335,25,3472294,25,335,25,335,26,335,25,335,25
335,335,25,335,25,3472698,25,335,25,335,25,335,26,335,25
335,335,25,335,25,3473102,25,335,25,335,25,335,25,335,25
335,335,25,335,25,3473506,25,335,25,335,25,335,25,335,25
335,335,25,335,25,3473909,25,335,25,335,25,335,25,335,25
335,335,25,335,25,3474314,25,335,25,335,26,335,25,335,25
335,335,25,335,26,3474717,26,335,25,335,25,335,25,335,25
335,335,25,335,25,3475121,25,335,25,335,25,335,25,335,25
335,335,25,335,25,3475525,25,335,25,335,25,335,26,335,25
335,335,25,335,25,3475929,25,335,25,335,25,335,25,335,26
335,335,25,335,25,3476332,26,335,26,335,25,335,25,335,25
335,335,25,335,25,3476736,25,335,25,335,25,335,25,335,26
335,335,25,335,25,3477140,25,335,25,335,25,335,25,335,25
335,335,25,335,25,3477543,25,335,26,335,25,335,25,335,25
335,335,25,335,25,3477947,25,335,25,335,25,335,25,335,25
335,335,25,335,26,3478351,25,335,25,335,25,335,25,335,25
335,335,25,335,25,3478755,25,335,26,335,25,335,25,335,25
335,335,25,335,25,3479158,25,335,25,335,25,335,25,335,25
335,335,25,335,25,3479563,25,335,26,335,25,335,25,335,25
335,335,25,335,25,3479966,25,335,25,335,26,335,25,335,25
335,335,25,335,25,3480370,25,335,25,335,26,335,25,335,25
335,335,25,335,25,3480774,25,335,25,335,25,335,25,335,25
335,335,25,335,25,3481178,25,335,25,335,25,335,25,335,25
335,335,25,335,25,3481581,25,335,25,335,26,335,25,335,25
335,335,25,335,25,3481985,25,335,25,335,25,335,26,335,25
335,335,25,335,25,3482389,25,335,25,335,25,335,25,335,25
335,335,25,335,25,3482792,25,335,26,335,25,335,25,335,25
335,335,25,335,25,3483196,25,335,26,335,25,335,25,335,25
335,335,25,335,25,3483600,25,335,25,335,26,335,26,335,26
335,335,25,335,25,3484004,25,335,25,335,25,335,25,335,26
335,335,25,335,25,3484407,25,335,25,335,25,335,25,335,25
335,335,25,335,25,3484812,25,335,25,335,25,335,26,335,25
335,335,25,335,25,3485215,25,335,25,335,25,335,25,335,26
335,335,25,335,25,3485619,26,335,25,335,25,335,25,335,25
335,335,25,335,26,3486022,25,335,25,335,25,335,25,335,26
335,335,25,335,25,3486427,25,335,25,335,25,335,26,335,26
335,335,25,335,25,3486830,25,335,25,335,25,335,25,335,25
335,335,25,335,25,3487234,25,335,25,335,25,335,25,335,25
335,335,25,335,25,3487638,25,335,25,335,25,335,25,335,25
335,335,25,335,25,3488041,25,335,25,335,25,335,25,335,25
335,335,25,335,25,3488445,25,335,25,335,25,335,25,335,25
335,335,25,335,25,3488849,26,335,25,335,25,335,26,335,25
335,335,25,335,25,3489253,25,335,25,335,25,335,25,335,25
335,335,25,335,25,3489656,25,335,25,335,26,335,25,335,25
335,335,25,335,25,3490061,25,335,25,335,25,335,25,335,25
335,335,25,335,25,3490464,26,335,25,335,26,335,25,335,25
335,335,25,335,25,3490868,25,335,25,335,25,335,25,335,25
335,335,25,335,26,3491271,25,335,25,335,25,335,25,335,25
335,335,25,335,25,3491676,25,335,25,335,25,335,26,335,25
335,335,25,335,25,3492079,25,335,26,335,25,335,25,335,25
335,335,25,335,25,3492483,25,335,25,335,25,335,25,335,25
335,335,25,335,25,3492887,25,335,25,335,25,335,25,335,25
335,335,25,335,25,3493291,25,335,25,335,25,335,25,335,25
335,335,25,335,25,3493694,25,335,25,335,25,335,25,335,25
335,335,25,335,25,3494098,25,335,25,335,25,335,25,335,25
335,335,25,335,26,3494502,25,335,25,335,25,335,25,335,26
335,335,25,335,25,3494905,25,335,25,335,25,335,25,335,25
335,335,25,335,25,3495309,25,335,25,335,25,335,25,335,25
335,335,25,335,25,3495713,25,335,25,335,25,335,25,335,25
335,335,25,335,25,3496117,25,335,25,335,25,335,25,335,25
335,335,25,335,25,3496520,25,335,25,335,26,335,25,335,25
335,335,25,335,26,3496925,25,335,25,335,25,335,25,335,25
335,335,25,335,26,3497328,25,335,25,335,25,335,25,335,25
335,335,25,335,25,3497732,25,335,26,335,25,335,25,335,25
335,335,25,335,25,3498136,25,335,25,335,25,335,25,335,25
335,335,25,335,25,3498540,25,335,25,335,25,335,25,335,25
335,335,25,335,25,3498943,25,335,25,335,25,335,25,335,25
335,335,25,335,25,3499347,25,335,25,335,25,335,25,335,25
335,335,25,335,25,3499751,25,335,25,335,25,335,25,335,25
335,335,25,335,25,3500154,26,335,25,335,25,335,25,335,25
335,335,25,335,25,3500558,25,335,25,335,25,335,25,335,25
335,335,25,335,25,3500962,25,335,25,335,25,335,25,335,25
335,335,25,335,25,3501366,25,335,25,335,25,335,26,335,25
335,335,25,335,26,3501769,25,335,25,335,25,335,25,335,25
335,335,25,335,25,3502174,25,335,25,335,25,335,25,335,25
335,335,25,335,25,3502577,25,335,25,335,25,335,25,335,25
335,335,25,335,25,3502981,25,335,25,335,24,335,25,335,25
335,335,25,335,25,3503385,25,335,25,335,26,335,25,335,25
335,335,25,335,25,3503789,25,335,25,335,25,335,25,335,25
335,335,25,335,25,3504192,25,335,25,335,25,335,25,335,25
335,335,25,335,25,3504595,25,335,25,335,25,335,25,335,25
335,335,25,335,25,3505000,25,335,25,335,25,335,25,335,25
335,335,25,335,26,3505403,26,335,25,335,25,335,25,335,25
335,335,25,335,25,3505807,26,335,26,335,25,335,25,335,26
335,335,25,335,25,3506211,25,335,25,335,25,335,25,335,25
335,335,25,335,25,3506615,25,335,25,335,25,335,25,335,25
335,335,25,335,25,3507018,25,335,25,335,25,335,25,335,25
335,335,25,335,25,3507423,25,335,25,335,25,335,25,335,25
335,335,25,335,25,3507826,25,335,25,335,25,335,25,335,25
335,335,25,335,25,3508230,24,335,25,335,25,335,25,335,25
335,335,25,335,25,3508633,25,335,25,335,25,335,26,335,25
335,335,25,335,26,3509038,25,335,25,335,25,335,26,335,25
335,335,25,335,25,3509441,25,335,25,335,25,335,25,335,25
335,335,25,335,25,3509844,25,335,25,335,25,335,25,335,25
335,335,25,335,25,3510249,25,335,25,335,25,335,25,335,25
335,335,25,335,25,3510652,25,335,25,335,25,335,25,335,26
335,335,25,335,25,3511056,25,335,25,335,25,335,25,335,25
335,335,25,335,26,3511460,25,335,25,335,25,335,25,335,25
335,335,25,335,25,3511864,25,335,25,335,25,335,25,335,25
335,335,25,335,25,3512267,25,335,25,335,25,335,25,335,25
335,335,25,335,25,3512672,25,335,25,335,25,335,25,335,25
335,335,25,335,25,3513075,25,335,25,335,25,335,25,335,25
335,335,25,335,25,3513479,25,335,25,335,25,335,25,335,25
335,335,25,335,25,3513882,25,335,25,335,26,335,25,335,25
335,335,25,335,25,3514287,25,335,25,335,26,335,25,335,25
335,335,25,335,25,3514690,25,335,25,335,25,335,25,335,25
335,335,25,335,26,3515094,25,335,25,335,25,335,26,335,25
335,335,25,335,25,3515498,25,335,25,335,25,335,25,335,25
335,335,25,335,25,3515901,25,335,25,335,25,335,25,335,25
335,335,25,335,25,3516305,25,335,26,335,25,335,25,335,25
335,335,25,335,25,3516709,25,335,25,335,25,335,25,335,26
335,335,25,335,25,3517113,25,335,25,335,25,335,25,335,25
335,335,25,335,25,3517516,25,335,25,335,25,335,25,335,25
335,335,25,335,25,3517920,25,335,25,335,25,335,25,335,25
335,335,25,335,25,3518324,25,335,25,335,25,335,25,335,25
335,335,25,335,25,3518728,25,335,25,335,25,335,25,335,25
335,335,25,335,25,3519131,25,335,25,335,25,335,25,335,25
335,335,25,335,25,3519536,25,335,25,335,25,335,25,335,25
335,335,25,335,25,3519939,25,335,25,335,25,335,25,335,25
335,335,25,335,25,3520343,25,335,25,335,25,335,25,335,25
335,335,25,335,25,3520747,25,335,25,335,25,335,25,335,25
335,335,25,335,25,3521150,25,335,25,335,25,335,25,335,25
335,335,25,335,25,3521554,26,335,25,335,25,335,25,335,25
335,335,25,335,25,3521958,25,335,25,335,25,335,25,335,25
335,335,25,335,25,3522362,26,335,25,335,25,335,25,335,25
335,335,25,335,25,3522765,25,335,26,335,25,335,25,335,25
335,335,25,335,25,3523169,25,335,25,335,25,335,25,335,25
335,335,25,335,25,3523573,25,335,25,335,25,335,25,335,25
335,335,25,335,25,3523977,25,335,25,335,26,335,26,335,25
335,335,25,335,25,3524380,25,335,25,335,25,335,25,335,25
335,335,25,335,25,3524785,25,335,25,335,25,335,25,335,25
335,335,25,335,25,3525188,25,335,25,335,25,335,25,335,25
335,335,25,335,25,3525592,25,335,25,335,25,335,25,335,25
335,335,25,335,25,3525996,25,335,25,335,25,335,25,335,25
335,335,25,335,25,3526400,25,335,25,335,25,335,25,335,26
335,335,25,335,25,3526803,25,335,25,335,25,335,25,335,25
335,335,25,335,25,3527206,25,335,25,335,25,335,25,335,25
335,335,25,335,25,3527611,25,335,25,335,25,335,25,335,25
335,335,25,335,25,3528014,25,335,25,335,25,335,25,335,25
335,335,25,335,25,3528418,25,335,25,335,25,335,25,335,25
335,335,25,335,25,3528822,25,335,25,335,25,335,25,335,25
335,335,25,335,25,3529226,25,335,25,335,25,335,25,335,25
335,335,25,335,25,3529629,25,335,25,335,25,335,25,335,25
335,335,25,335,25,3530034,25,335,25,335,25,335,25,335,25
335,335,25,335,25,3530437,25,335,25,335,25,335,25,335,25
335,335,25,335,25,3530841,25,335,25,335,25,335,25,335,25
335,335,25,335,25,3531245,25,335,25,335,25,335,25,335,25
335,335,25,335,25,3531649,25,335,25,335,25,335,25,335,25
335,335,25,335,25,3532052,25,335,25,335,25,335,25,335,25
335,335,25,335,25,3532455,25,335,25,335,25,335,25,335,25
335,335,25,335,26,3532860,25,335,25,335,25,335,25,335,25
335,335,25,335,25,3533263,25,335,25,335,25,335,25,335,25
335,335,25,335,25,3533667,25,335,25,335,25,335,25,335,25
335,335,25,335,25,3534071,25,335,25,335,25,335,25,335,25
335,335,25,335,25,3534475,25,335,25,335,25,335,25,335,25
335,335,25,335,26,3534878,25,335,25,335,25,335,25,335,25
335,335,25,335,25,3535283,25,335,25,335,25,335,25,335,25
335,335,25,335,25,3535686,25,335,25,335,25,335,25,335,25
335,335,25,335,25,3536090,25,335,25,335,25,335,25,335,25
335,335,25,335,25,3536493,25,335,25,335,25,335,25,335,25
335,335,25,335,25,3536898,25,335,25,335,25,335,25,335,26
335,335,25,335,25,3537301,25,335,25,335,25,335,25,335,25
335,335,25,335,25,3537704,25,335,25,335,25,335,25,335,25
335,335,25,335,25,3538109,25,335,25,335,25,335,25,335,25
335,335,25,335,25,3538512,25,335,25,335,25,335,25,335,25
335,335,25,335,25,3538916,25,335,25,335,25,335,25,335,25
335,335,25,335,25,3539320,25,335,25,335,25,335,25,335,25
335,335,25,335,25,3539724,25,335,25,335,25,335,25,335,25
335,335,25,335,25,3540127,25,335,25,335,25,335,25,335,25
335,335,25,335,25,3540532,25,335,25,335,25,335,25,335,25
335,335,25,335,25,3540935,25,335,25,335,25,335,25,335,25
335,335,25,335,25,3541339,25,335,25,335,25,335,25,335,25
335,335,25,335,25,3541742,25,335,25,335,25,335,25,335,25
335,335,25,335,25,3542147,25,335,25,335,25,335,25,335,25
335,335,25,335,25,3542550,25,335,25,335,25,335,25,335,25
335,335,25,335,25,3542953,25,335,25,335,25,335,25,335,25
335,335,25,335,25,3543358,25,335,25,335,25,335,25,335,25
335,335,25,335,25,3543761,25,335,25,335,26,335,25,335,25
335,335,25,335,25,3544165,25,335,25,335,25,335,25,335,25
335,335,25,335,25,3544569,25,335,25,335,25,335,25,335,25
335,335,25,335,25,3544973,25,335,25,335,25,335,25,335,25
335,335,25,335,25,3545376,25,335,25,335,25,335,25,335,25
335,335,25,335,25,3545780,25,335,25,335,25,335,25,335,25
335,335,25,335,25,3546184,25,335,25,335,25,335,25,335,25
335,335,25,335,25,3546588,25,335,25,335,26,335,25,335,25
335,335,26,335,25,3546991,25,335,25,335,25,335,26,335,25
335,335,25,335,25,3547396,25,335,25,335,25,335,25,335,25
335,335,25,335,25,3547799,25,335,25,335,25,335,25,335,25
335,335,25,335,25,3548203,25,335,25,335,25,335,25,335,25
335,335,25,335,25,3548607,25,335,26,335,25,335,25,335,25
335,335,25,335,25,3549010,25,335,25,335,25,335,25,335,25
335,335,25,335,25,3549414,25,335,25,335,25,335,25,335,26
335,335,25,335,25,3549817,26,335,25,335,25,335,25,335,25
335,335,25,335,25,3550222,25,335,25,335,25,335,25,335,25
335,335,25,335,25,3550625,25,335,25,335,25,335,25,335,26
335,335,25,335,25,3551029,25,335,25,335,25,335,25,335,25
335,335,25,335,25,3551433,25,335,25,335,25,335,25,335,25
335,335,25,335,25,3551837,25,335,25,335,25,335,25,335,25
335,335,25,335,25,3552240,26,335,25,335,25,335,25,335,25
335,335,25,335,25,3552645,25,335,25,335,25,335,25,335,25
335,335,25,335,25,3553048,25,335,25,335,25,335,25,335,25
335,335,25,335,25,3553452,25,335,25,335,25,335,25,335,25
335,335,25,335,25,3553856,25,335,25,335,25,335,25,335,25
335,335,25,335,26,3554259,25,335,25,335,25,335,25,335,26
335,335,25,335,25,3554663,25,335,25,335,25,335,25,335,25
335,335,25,335,25,3555066,25,335,25,335,25,335,25,335,25
335,335,25,335,25,3555471,26,335,25,335,25,335,25,335,25
335,335,25,335,25,3555874,25,335,25,335,25,335,25,335,25
335,335,25,335,25,3556278,25,335,25,335,25,335,25,335,25
335,335,25,335,25,3556682,26,335,25,335,25,335,25,335,25
335,335,25,335,25,3557086,25,335,25,335,25,335,25,335,25
335,335,25,335,25,3557489,25,335,25,335,25,335,25,335,25
335,335,25,335,25,3557894,25,335,25,335,25,335,25,335,25
335,335,25,335,25,3558297,26,335,25,335,25,335,25,335,25
335,335,25,335,25,3558701,25,335,25,335,25,335,26,335,25
335,335,25,335,25,3559104,25,335,25,335,25,335,25,335,25
335,335,25,335,25,3559508,25,335,25,335,25,335,25,335,25
335,335,25,335,25,3559912,25,335,25,335,25,335,25,335,25
335,335,25,335,25,3560315,25,335,25,335,25,335,25,335,25
335,335,25,335,25,3560720,25,335,25,335,25,335,25,335,25
335,335,25,335,25,3561123,25,335,25,335,25,335,25,335,25
335,335,25,335,25,3561527,25,335,25,335,25,335,25,335,25
335,335,25,335,25,3561931,25,335,25,335,26,335,25,335,25
335,335,25,335,25,3562335,25,335,25,335,25,335,25,335,25
335,335,25,335,25,3562738,25,335,25,335,25,335,25,335,25
335,335,25,335,25,3563143,25,335,25,335,25,335,25,335,25
335,335,25,335,25,3563546,25,335,25,335,25,335,25,335,25
335,335,25,335,25,3563950,25,335,26,335,25,335,25,335,25
335,335,25,335,25,3564353,25,335,25,335,25,335,25,335,25
335,335,25,335,25,3564758,25,335,25,335,25,335,25,335,25
335,335,25,335,25,3565161,25,335,25,335,25,335,26,335,25
335,335,25,335,25,3565564,25,335,25,335,25,335,25,335,25
335,335,25,335,25,3565969,25,335,25,335,25,335,25,335,25
335,335,25,335,25,3566372,25,335,25,335,25,335,25,335,25
335,335,25,335,25,3566776,25,335,25,335,25,335,25,335,25
335,335,25,335,25,3567180,25,335,25,335,25,335,25,335,25
335,335,25,335,25,3567584,25,335,25,335,26,335,25,335,25
335,335,25,335,25,3567987,26,335,25,335,25,335,25,335,25
335,335,25,335,25,3568391,25,335,25,335,25,335,25,335,25
335,335,25,335,25,3568795,25,335,25,335,25,335,25,335,25
335,335,25,335,25,3569199,25,335,25,335,25,335,25,335,25
335,335,25,335,25,3569602,25,335,25,335,25,335,25,335,25
335,335,25,335,25,3570007,25,335,25,335,25,335,26,335,25
335,335,25,335,25,3570410,25,335,26,335,25,335,25,335,25
335,335,25,335,25,3570813,25,335,25,335,25,335,25,335,25
335,335,25,335,25,3571218,25,335,25,335,25,335,25,335,25
335,335,25,335,25,3571621,25,335,25,335,25,335,25,335,25
335,335,25,335,25,3572025,25,335,25,335,25,335,25,335,25
335,335,25,335,25,3572429,25,335,25,335,25,335,25,335,25
335,335,25,335,25,3572833,25,335,25,335,25,335,25,335,25
335,335,25,335,25,3573236,25,335,25,335,25,335,25,335,25
335,335,25,335,25,3573640,25,335,25,335,25,335,25,335,25
335,335,25,335,25,3574044,25,335,25,335,25,335,25,335,25
335,335,25,335,25,3574448,25,335,25,335,25,335,25,335,25
335,335,25,335,25,3574851,25,335,25,335,25,335,25,335,25
335,335,25,335,25,3575256,25,335,26,335,25,335,25,335,25
335,335,25,335,25,3575659,25,335,25,335,25,335,25,335,25
335,335,25,335,25,3576062,25,335,25,335,25,335,25,335,25
335,335,25,335,25,3576467,25,335,25,335,25,335,25,335,25
335,335,25,335,25,3576870,25,335,25,335,25,335,25,335,25
335,335,25,335,25,3577274,25,335,25,335,25,335,25,335,25
335,335,25,335,25,3577677,25,335,25,335,25,335,25,335,25
335,335,25,335,25,3578082,25,335,25,335,25,335,25,335,25
335,335,25,335,25,3578485,25,335,25,335,25,335,25,335,25
335,335,25,335,25,3578889,25,335,25,335,25,335,25,335,25
335,335,25,335,25,3579293,25,335,25,335,25,335,25,335,25
335,335,25,335,25,3579697,25,335,25,335,25,335,25,335,25
335,335,25,335,25,3580100,25,335,25,335,25,335,25,335,25
335,335,25,335,25,3580505,25,335,25,335,25,335,25,335,25
335,335,25,335,25,3580908,25,335,25,335,25,335,25,335,25
335,335,25,335,25,3581312,25,335,25,335,25,335,25,335,25
335,335,25,335,25,3581715,25,335,25,335,25,335,25,335,25
335,335,25,335,25,3582119,25,335,25,335,25,335,25,335,25
335,335,25,335,25,3582523,25,335,25,335,25,335,25,335,25
335,335,25,335,25,3582926,25,335,25,335,25,335,25,335,25
335,335,25,335,25,3583331,25,335,25,335,25,335,25,335,25
335,335,25,335,25,3583734,25,335,25,335,25,335,25,335,26
335,335,25,335,25,3584138,25,335,25,335,25,335,25,335,25
335,335,25,335,25,3584542,25,335,25,335,25,335,25,335,25
335,335,25,335,25,3584946,25,335,25,335,25,335,25,335,25
335,335,25,335,25,3585349,25,335,25,335,25,335,25,335,25
335,335,25,335,25,3585754,25,335,25,335,25,335,25,335,25
335,335,25,335,25,3586157,25,335,25,335,25,335,25,335,25
335,335,25,335,25,3586561,25,335,25,335,25,335,25,335,25
335,335,25,335,25,3586964,25,335,25,335,25,335,25,335,25
335,335,25,335,25,3587368,25,335,25,335,25,335,25,335,25
335,335,25,335,25,3587772,25,335,25,335,25,335,25,335,25
335,335,25,335,25,3588175,25,335,25,335,26,335,25,335,25
335,335,25,335,25,3588580,25,335,25,335,25,335,26,335,25
335,335,25,335,25,3588983,25,335,26,335,26,335,25,335,25
335,335,25,335,25,3589387,25,335,25,335,25,335,25,335,26
335,335,25,335,25,3589791,25,335,25,335,25,335,25,335,25
335,335,25,335,25,3590195,25,335,25,335,25,335,25,335,25
335,335,25,335,25,3590598,25,335,25,335,25,335,25,335,25
335,335,25,335,25,3591002,25,335,25,335,25,335,25,335,25
335,335,25,335,25,3591406,26,335,25,335,25,335,25,335,25
335,335,25,335,25,3591810,25,335,25,335,25,335,25,335,25
335,335,25,335,25,3592213,25,335,25,335,25,335,25,335,25
335,335,25,335,25,3592617,25,335,25,335,25,335,25,335,25
335,335,25,335,25,3593021,25,335,25,335,25,335,25,335,25
335,335,25,335,25,3593424,25,335,25,335,25,335,25,335,25
335,335,25,335,25,3593829,25,335,25,335,25,335,25,335,25
335,335,25,335,25,3594232,26,335,25,335,25,335,25,335,25
335,335,25,335,25,3594636,25,335,25,335,25,335,25,335,25
335,335,25,335,25,3595040,25,335,25,335,25,335,25,335,25
335,335,25,335,25,3595444,25,335,25,335,25,335,25,335,25
335,335,25,335,25,3595847,25,335,25,335,25,335,25,335,25
335,335,25,335,25,3596251,25,335,25,335,25,335,25,335,25
335,335,25,335,25,3596655,25,335,25,335,25,335,25,335,25
335,335,25,335,25,3597059,25,335,25,335,25,335,25,335,25
335,335,25,335,25,3597462,25,335,25,335,25,335,25,335,25
335,335,25,335,25,3597867,25,335,25,335,25,335,26,335,25
335,335,25,335,25,3598270,25,335,25,335,25,335,25,335,25
335,335,25,335,25,3598673,25,335,25,335,25,335,25,335,25
335,335,25,335,25,3599078,25,335,25,335,25,335,25,335,25
335,335,25,335,25,3599481,25,335,25,335,25,335,25,335,25
335,335,25,335,25,3599885,25,335,25,335,25,335,25,335,25
335,335,25,335,25,3600288,25,335,25,335,25,335,25,335,25
335,335,25,335,25,3600693,25,335,25,335,25,335,25,335,25
335,335,25,335,25,3601096,25,335,25,335,25,335,25,335,25
335,335,25,335,25,3601500,25,335,25,335,25,335,25,335,25
335,335,25,335,25,3601904,25,335,25,335,25,335,26,335,25
335,335,25,335,25,3602308,25,335,26,335,25,335,26,335,25
335,335,25,335,25,3602711,25,335,25,335,25,335,25,335,25
335,335,25,335,25,3603116,25,335,25,335,25,335,25,335,25
335,335,25,335,25,3603519,25,335,25,335,25,335,25,335,25
335,335,25,335,26,3603922,25,335,25,335,25,335,25,335,25
335,335,25,335,25,3604327,25,335,25,335,25,335,25,335,25
335,335,25,335,25,3604730,25,335,25,335,25,335,25,335,25
335,335,25,335,25,3605134,25,335,25,335,25,335,25,335,25
335,335,25,335,25,3605537,25,335,25,335,25,335,25,335,25
335,335,25,335,25,3605942,25,335,25,335,25,335,25,335,25
335,335,25,335,25,3606345,25,335,25,335,25,335,25,335,25
335,335,25,335,25,3606749,25,335,25,335,25,335,25,335,25
335,335,25,335,25,3607153,25,335,25,335,25,335,25,335,25
335,335,26,335,26,3607557,26,335,26,335,25,335,26,335,26
335,335,25,335,26,3607960,26,335,26,335,26,335,26,335,26
335,335,25,335,26,3608365,25,335,26,335,26,335,25,335,25
335,335,26,335,25,3608768,26,335,26,335,26,335,25,335,26
335,335,26,335,26,3609171,25,335,26,335,26,335,25,335,26
335,335,25,335,26,3609575,26,335,26,335,25,335,26,335,26
335,335,26,335,25,3609979,26,335,26,335,26,335,26,335,26
335,335,25,335,25,3610383,25,335,26,335,26,335,25,335,26
335,335,25,335,26,3610786,25,335,25,335,25,335,26,335,26
335,335,25,335,26,3611191,25,335,26,335,25,335,26,335,26
335,335,25,335,25,3611594,25,335,26,335,26,335,26,335,26
335,335,26,335,26,3611998,26,335,26,335,25,335,25,335,26
335,335,25,335,25,3612402,26,335,25,335,25,335,25,335,26
335,335,25,335,26,3612806,25,335,26,335,25,335,26,335,25
335,335,25,335,26,3613209,25,335,26,335,26,335,26,335,26
335,335,26,335,26,3613613,26,335,25,335,25,335,26,335,26
335,335,25,335,25,3614017,26,335,25,335,25,335,26,335,25
335,335,25,335,26,3614420,25,335,25,335,25,335,25,335,26
335,335,25,335,25,3614824,25,335,26,335,25,335,25,335,25
335,335,25,335,25,3615228,25,335,25,335,25,335,26,335,25
335,335,25,335,26,3615632,26,335,26,335,25,335,25,335,25
335,335,25,335,26,3616035,25,335,25,335,25,335,25,335,26
335,335,25,335,26,3616440,25,335,25,335,25,335,25,335,26
335,335,25,335,26,3616843,25,335,25,335,26,335,25,335,25
335,335,25,335,25,3617247,26,335,25,335,26,335,26,335,26
335,335,26,335,25,3617651,26,335,25,335,25,335,26,335,25
335,335,25,335,26,3618055,26,335,26,335,25,335,25,335,25
335,335,25,335,26,3618458,26,335,25,335,25,335,25,335,25
335,335,25,335,25,3618862,26,335,26,335,25,335,25,335,26
335,335,25,335,25,3619266,26,335,25,335,25,335,25,335,25
335,335,25,335,26,3619670,26,335,25,335,26,335,26,335,26
335,335,26,335,25,3620073,25,335,25,335,26,335,25,335,25
335,335,26,335,25,3620477,25,335,25,335,26,335,25,335,26
335,335,25,335,25,3620881,25,335,26,335,25,335,25,335,25
335,335,26,335,26,3621284,26,335,26,335,26,335,25,335,26
335,335,25,335,26,3621689,25,335,26,335,25,335,25,335,26
335,335,25,335,26,3622092,25,335,25,335,25,335,25,335,25
335,335,25,335,25,3622496,25,335,25,335,26,335,25,335,26
335,335,25,335,25,3622899,26,335,25,335,26,335,25,335,26
335,335,25,335,25,3623304,26,335,26,335,25,335,26,335,26
335,335,25,335,25,3623707,26,335,26,335,25,335,26,335,25
335,335,25,335,26,3624111,26,335,26,335,26,335,25,335,26
335,335,25,335,25,3624515,25,335,25,335,26,335,25,335,25
335,335,25,335,25,3624919,26,335,26,335,25,335,26,335,25
335,335,25,335,26,3625322,26,335,25,335,25,335,26,335,26
335,335,25,335,26,3625726,26,335,25,335,26,335,25,335,26
335,335,25,335,25,3626130,26,335,26,335,25,335,26,335,26
335,335,25,335,25,3626533,25,335,25,335,25,335,25,335,26
335,335,26,335,26,3626937,26,335,26,335,26,335,26,335,26
335,335,26,335,26,3627341,25,335,26,335,26,335,26,335,25
335,335,26,335,26,3627745,25,335,25,335,26,335,26,335,26
335,335,25,335,26,3628148,26,335,25,335,26,335,25,335,26
335,335,25,335,26,3628553,25,335,26,335,26,335,25,335,25
335,335,26,335,26,3628956,25,335,25,335,25,335,25,335,26
335,335,26,335,26,3629360,26,335,25,335,26,335,25,335,26
335,335,26,335,25,3629764,26,335,25,335,25,335,26,335,25
335,335,25,335,26,3630168,26,335,25,335,25,335,25,335,26
335,335,25,335,26,3630571,26,335,25,335,25,335,25,335,26
335,335,25,335,25,3630974,26,335,26,335,26,335,25,335,26
335,335,25,335,26,3631379,25,335,26,335,25,335,25,335,25
335,335,25,335,26,3631782,26,335,25,335,26,335,26,335,25
335,335,26,335,25,3632186,25,335,25,335,26,335,26,335,26
335,335,25,335,25,3632590,25,335,26,335,26,335,26,335,26
335,335,26,335,26,3632994,25,335,26,335,25,335,26,335,26
335,335,25,335,26,3633397,26,335,25,335,25,335,26,335,26
335,335,26,335,26,3633802,26,335,25,335,25,335,25,335,26
335,335,25,335,25,3634205,25,335,26,335,26,335,26,335,25
335,335,25,335,25,3634609,25,335,25,335,26,335,25,335,26
335,335,26,335,25,3635013,25,335,26,335,26,335,26,335,26
335,335,26,335,25,3635417,25,335,25,335,25,335,26,335,26
335,335,26,335,26,3635820,25,335,25,335,25,335,26,335,26
335,335,25,335,26,3636224,26,335,25,335,26,335,25,335,25
335,335,25,335,26,3636628,25,335,25,335,26,335,26,335,26
335,335,26,335,26,3637031,25,335,26,335,26,335,25,335,25
335,335,25,335,26,3637435,25,335,25,335,25,335,25,335,26
335,335,25,335,25,3637839,25,335,26,335,26,335,26,335,26
335,335,26,335,25,3638243,25,335,26,335,26,335,25,335,26
335,335,25,335,26,3638646,26,335,25,335,25,335,26,335,25
335,335,26,335,25,3639051,26,335,25,335,26,335,25,335,26
335,335,26,335,25,3639454,26,335,25,335,26,335,26,335,26
335,335,25,335,26,3639858,26,335,26,335,26,335,26,335,25
335,335,25,335,25,3640261,26,335,25,335,25,335,26,335,25
335,335,25,335,25,3640666,25,335,26,335,26,335,25,335,26
335,335,26,335,25,3641069,26,335,25,335,26,335,25,335,25
335,335,25,335,25,3641473,25,335,25,335,25,335,25,335,25
335,335,25,335,26,3641877,25,335,25,335,26,335,26,335,26
335,335,25,335,26,3642280,25,335,25,335,26,335,25,335,26
335,335,25,335,25,3642684,26,335,25,335,26,335,26,335,26
335,335,25,335,26,3643088,25,335,26,335,25,335,26,335,25
335,335,25,335,25,3643492,25,335,25,335,25,335,25,335,25
335,335,25,335,26,3643895,25,335,26,335,26,335,25,335,26
335,335,25,335,25,3644299,26,335,26,335,25,335,26,335,26
335,335,25,335,26,3644703,26,335,25,335,25,335,26,335,25
335,335,25,335,26,3645107,25,335,25,335,26,335,25,335,25
335,335,25,335,25,3645510,25,335,26,335,25,335,25,335,26
335,335,25,335,26,3645915,26,335,25,335,26,335,26,335,26
335,335,25,335,26,3646318,26,335,26,335,25,335,25,335,26
335,335,25,335,26,3646722,25,335,25,335,25,335,25,335,25
335,335,25,335,25,3647126,25,335,25,335,26,335,25,335,26
335,335,25,335,26,3647529,26,335,26,335,25,335,25,335,25
335,335,26,335,26,3647933,25,335,26,335,25,335,25,335,26
335,335,25,335,25,3648337,26,335,25,335,26,335,25,335,25
335,335,25,335,25,3648741,25,335,26,335,25,335,25,335,25
335,335,25,335,25,3649144,26,335,26,335,25,335,25,335,26
335,335,25,335,25,3649548,26,335,25,335,26,335,26,335,25
335,335,25,335,25,3649952,25,335,26,335,25,335,25,335,25
335,335,26,335,25,3650356,25,335,25,335,25,335,25,335,26
335,335,25,335,25,3650759,26,335,25,335,26,335,26,335,25
335,335,25,335,26,3651164,26,335,26,335,25,335,25,335,26
335,335,25,335,25,3651567,25,335,25,335,25,335,26,335,25
335,335,25,335,25,3651971,25,335,25,335,25,335,25,335,25
335,335,26,335,25,3652375,25,335,26,335,25,335,26,335,25
335,335,25,335,26,3652779,26,335,26,335,25,335,26,335,25
335,335,25,335,25,3653182,26,335,26,335,25,335,25,335,26
335,335,25,335,25,3653585,26,335,25,335,25,335,25,335,26
335,335,25,335,26,3653990,25,335,26,335,25,335,25,335,25
335,335,25,335,25,3654393,25,335,25,335,25,335,25,335,26
335,335,25,335,26,3654797,26,335,26,335,26,335,26,335,26
335,335,25,335,25,3655201,25,335,26,335,25,335,26,335,26
335,335,25,335,25,3655605,26,335,26,335,25,335,26,335,25
335,335,25,335,25,3656008,25,335,25,335,26,335,25,335,25
335,335,25,335,26,3656413,26,335,25,335,26,335,25,335,26
335,335,25,335,26,3656816,25,335,26,335,26,335,25,335,25
335,335,25,335,26,3657220,25,335,26,335,26,335,25,335,25
335,335,25,335,26,3657623,25,335,26,335,25,335,26,335,25
335,335,26,335,25,3658028,25,335,25,335,26,335,25,335,26
335,335,25,335,25,3658431,25,335,26,335,25,335,26,335,25
335,335,25,335,26,3658834,26,335,25,335,26,335,25,335,26
335,335,26,335,25,3659239,25,335,26,335,26,335,25,335,25
335,335,26,335,26,3659642,26,335,25,335,26,335,26,335,25
335,335,25,335,25,3660046,26,335,26,335,25,335,25,335,25
335,335,25,335,26,3660450,26,335,25,335,25,335,25,335,25
335,335,25,335,25,3660854,25,335,25,335,26,335,25,335,26
335,335,26,335,25,3661257,25,335,25,335,25,335,25,335,25
335,335,25,335,25,3661662,25,335,25,335,26,335,25,335,25
335,335,25,335,26,3662065,26,335,25,335,25,335,25,335,25
335,335,26,335,25,3662469,25,335,25,335,25,335,25,335,26
335,335,25,335,26,3662872,26,335,25,335,25,335,26,335,26
335,335,25,335,26,3663277,25,335,25,335,26,335,25,335,26
335,335,25,335,25,3663680,25,335,25,335,26,335,25,335,25
335,335,25,335,25,3664083,25,335,25,335,25,335,25,335,26
335,335,25,335,26,3664488,26,335,26,335,25,335,25,335,25
335,335,25,335,26,3664891,26,335,25,335,25,335,25,335,25
335,335,25,335,25,3665295,25,335,26,335,25,335,25,335,26
335,335,25,335,26,3665699,26,335,25,335,25,335,25,335,26
335,335,25,335,26,3666103,26,335,25,335,25,335,26,335,26
335,335,25,335,26,3666506,26,335,26,335,25,335,26,335,26
335,335,25,335,25,3666910,26,335,26,335,26,335,25,335,25
335,335,26,335,26,3667314,26,335,25,335,26,335,25,335,25
335,335,25,335,25,3667718,25,335,25,335,25,335,25,335,25
335,335,25,335,26,3668121,25,335,25,335,25,335,25,335,25
334,334,25,334,25,3668526,25,334,25,334,24,334,25,334,25
335,335,25,334,25,3668929,25,334,25,335,25,334,25,334,25
334,335,24,334,25,3669332,25,334,25,334,25,334,25,335,25
327,323,23,308,22,3669737,24,305,24,314,24,330,24,317,23
324,324,24,324,24,3670140,24,324,24,324,24,324,24,324,24
335,335,25,335,25,3670544,26,335,26,335,26,335,26,335,25
335,335,54,335,53,3670948,43,335,69,335,64,335,42,335,59
335,335,60,335,34,3671352,39,335,50,335,49,335,62,335,63
335,335,12,335,12,3671755,12,335,12,335,12,335,12,335,12
335,335,12,334,12,3672159,12,334,12,334,12,335,12,334,12
334,334,13,335,13,3672563,13,334,13,334,13,334,13,334,13
335,335,13,334,13,3672967,13,334,13,335,13,334,13,334,13
335,335,17,335,18,3673370,17,335,17,335,17,335,17,335,17
335,335,18,335,18,3673775,18,335,18,335,18,335,18,335,18
335,335,19,335,19,3674178,19,335,19,335,19,335,19,335,19
335,335,19,335,19,3674582,19,335,19,335,20,335,19,335,19
335,335,20,335,20,3674986,20,335,20,335,20,335,20,335,20
335,335,20,335,21,3675389,20,335,21,335,20,335,21,335,21
335,335,20,335,21,3675793,21,335,20,335,20,335,20,335,21
335,335,20,335,20,3676196,20,335,20,335,20,335,20,335,20
335,335,19,335,20,3676601,20,335,20,335,20,335,20,335,20
335,335,20,335,20,3677004,20,335,20,335,20,335,20,335,20
335,335,19,335,20,3677408,19,335,20,335,19,335,20,335,20
335,335,20,335,19,3677812,20,335,19,335,20,335,19,335,19
335,335,19,335,19,3678216,19,335,20,335,19,335,19,335,19
335,335,19,335,19,3678619,19,335,19,335,19,335,19,335,19
335,335,19,335,19,3679024,19,335,19,335,19,335,19,335,19
335,335,18,335,19,3679427,18,335,18,335,18,335,19,335,19
335,335,18,335,18,3679831,18,335,18,335,18,335,18,335,18
335,335,18,335,18,3680235,18,335,18,335,18,335,18,335,18
335,335,18,335,18,3680638,18,335,18,335,18,335,18,335,18
335,335,18,335,18,3681042,18,335,18,335,18,335,18,335,18
335,335,17,335,18,3681445,18,335,18,335,18,335,18,335,18
335,335,18,334,18,3681850,18,335,18,335,18,335,17,335,18
335,335,17,335,18,3682253,18,335,18,335,17,335,18,335,17
335,335,18,335,18,3682657,18,335,18,335,18,335,17,335,18
335,335,17,335,17,3683061,17,335,17,335,17,335,18,335,18
335,335,17,335,18,3683465,17,335,17,335,17,335,17,335,18
335,335,17,335,17,3683868,17,335,17,335,17,335,17,335,17
335,335,17,335,17,3684273,17,335,17,335,17,335,17,335,17
335,335,17,335,17,3684676,17,335,17,335,17,335,17,335,17
335,335,17,335,17,3685080,17,335,17,335,17,335,17,335,17
335,335,17,335,17,3685483,17,334,17,335,17,335,17,335,17
335,335,17,335,17,3685888,17,335,17,335,17,335,17,335,17
335,335,17,335,17,3686291,17,335,17,335,17,335,17,335,17
335,335,17,335,17,3686694,17,335,17,335,17,335,17,335,17
335,335,17,335,17,3687099,17,335,17,335,17,335,17,335,18
335,335,17,335,17,3687502,17,335,17,335,17,335,17,335,17
335,335,17,335,17,3687906,17,335,17,335,17,335,17,335,17
335,335,17,335,17,3688310,17,335,17,335,17,335,17,335,17
335,335,17,335,18,3688714,18,335,18,335,18,335,18,335,18
335,335,17,335,18,3689117,18,334,17,335,17,335,18,335,18
335,335,18,335,18,3689522,18,335,18,335,18,335,18,335,18
335,335,18,335,18,3689925,18,335,18,335,18,335,18,335,18
335,335,18,335,18,3690329,18,335,18,335,18,335,18,335,18
335,335,18,335,19,3690732,19,335,19,335,18,335,19,335,19
335,335,19,335,19,3691137,19,335,19,335,19,335,19,335,19
335,335,19,335,19,3691540,19,335,19,335,19,335,19,335,19
335,335,19,335,19,3691943,19,335,19,335,19,335,19,335,19
335,335,19,335,19,3692348,19,335,20,335,19,335,19,335,19
335,335,19,335,19,3692751,19,335,19,335,19,335,20,335,19
335,335,19,335,19,3693155,19,335,19,335,19,335,19,335,19
335,335,19,335,19,3693559,19,335,19,335,19,335,19,335,19
335,335,19,335,19,3693963,19,334,19,335,19,335,19,335,19
335,335,19,335,20,3694366,20,335,20,335,19,335,20,335,20
335,335,19,335,19,3694770,20,335,20,335,19,335,19,335,20
335,335,20,335,20,3695174,20,335,20,335,20,335,20,335,20
335,335,20,335,20,3695578,20,335,20,335,20,335,20,335,20
335,335,20,335,20,3695981,20,335,20,335,20,335,20,335,20
335,335,20,335,20,3696386,20,335,20,335,20,335,20,335,20
335,335,20,335,20,3696789,20,335,20,335,20,335,20,335,20
335,335,19,335,20,3697192,20,335,20,335,20,335,20,335,20
335,335,20,335,20,3697597,20,335,20,335,20,335,20,335,20
335,335,20,335,20,3698000,20,335,20,335,20,335,20,335,20
335,335,20,335,20,3698404,20,335,20,335,20,335,20,335,20
335,335,20,335,20,3698807,20,335,21,335,20,335,20,335,21
335,335,20,335,21,3699212,20,335,21,335,20,335,20,335,21
335,335,20,335,20,3699615,21,335,21,335,21,335,21,335,21
335,335,21,335,21,3700019,21,335,21,335,21,335,21,335,21
335,335,21,335,22,3700423,22,335,22,335,21,334,21,335,22
335,335,22,335,22,3700827,22,335,22,335,22,335,22,335,22
335,335,22,335,23,3701230,22,335,23,335,23,335,23,335,23
335,335,24,335,24,3701635,24,335,24,335,24,335,24,335,24
335,335,24,335,24,3702038,24,335,24,335,25,335,24,335,25
335,335,25,335,26,3702441,25,335,25,335,25,335,25,335,26
335,335,26,335,26,3702846,26,335,26,335,26,335,26,335,26
335,335,27,335,27,3703249,27,335,27,335,27,335,27,334,27
335,335,28,335,28,3703653,28,335,28,335,28,335,28,335,28
335,335,30,335,30,3704056,30,335,30,335,30,335,30,335,30
335,335,31,335,31,3704461,31,335,31,335,31,335,31,335,31
335,335,31,335,32,3704864,32,335,31,335,31,335,32,335,32
335,335,31,335,31,3705268,31,335,32,335,31,335,32,335,31
335,335,31,335,31,3705672,31,335,31,335,31,335,31,335,31
335,335,31,335,31,3706076,31,335,31,335,31,335,31,335,31
335,335,30,335,31,3706479,30,335,30,335,30,335,30,335,30
335,335,30,335,30,3706884,30,335,30,335,30,335,30,335,30
335,335,28,335,29,3707287,29,335,28,335,29,335,29,335,28
335,335,28,335,28,3707691,28,334,28,335,28,334,28,335,28
335,335,28,335,28,3708094,28,335,28,335,28,335,27,335,28
335,335,27,335,27,3708498,28,335,27,334,27,335,27,335,28
335,335,28,335,28,3708902,28,335,28,335,29,335,29,335,28
335,335,29,335,29,3709305,29,335,29,335,29,335,29,335,29
335,335,30,335,29,3709710,30,335,29,335,30,335,30,335,30
335,335,30,335,30,3710113,30,335,30,335,30,335,30,335,30
335,335,30,335,30,3710517,30,335,30,335,30,335,30,335,30
335,335,30,335,30,3710921,30,335,29,335,30,335,30,335,30
335,335,29,335,29,3711325,29,335,29,335,29,335,29,335,29
335,335,28,335,28,3711728,28,335,28,335,28,335,28,335,28
335,335,27,335,28,3712132,28,335,27,335,27,335,27,335,27
335,335,27,335,27,3712536,27,335,27,335,27,335,27,335,27
335,335,27,335,27,3712940,27,335,27,335,27,335,27,335,27
335,335,27,335,27,3713343,27,335,27,335,27,335,27,335,27
335,335,27,335,27,3713747,27,335,27,335,27,335,27,335,27
335,335,26,335,26,3714151,26,335,27,335,27,335,26,334,26
335,335,26,335,26,3714554,26,335,26,335,26,335,26,335,26
335,335,26,335,26,3714959,26,335,26,335,26,334,26,335,26
335,335,26,335,26,3715362,26,335,26,335,26,335,26,335,26
335,335,26,335,26,3715766,26,335,26,335,26,335,27,335,26
335,335,27,335,27,3716170,27,335,27,335,27,335,27,335,27
335,335,26,335,26,3716574,26,335,27,335,26,335,27,335,26
335,335,26,335,26,3716977,26,335,26,335,26,335,27,335,26
335,335,26,335,26,3717381,26,335,26,335,26,335,26,335,26
335,335,26,335,26,3717785,26,335,26,335,26,335,26,335,26
335,335,25,335,26,3718189,26,335,26,335,26,335,26,335,26
335,335,25,334,25,3718592,26,335,25,335,25,334,25,335,26
335,335,25,335,25,3718996,25,335,25,335,26,334,25,335,25
335,335,25,335,25,3719400,25,335,25,334,25,335,25,335,25
335,335,25,334,25,3719803,26,335,25,335,25,335,25,335,25
335,335,25,335,25,3720208,25,335,25,335,25,335,25,334,25
335,335,25,334,25,3720611,25,335,25,335,25,335,25,335,25
335,335,25,335,25,3721015,25,335,25,335,25,335,25,334,25
335,335,25,335,25,3721418,25,335,25,335,25,334,25,335,25
335,335,25,335,25,3721823,25,335,25,335,25,335,25,335,25
335,335,25,335,25,3722226,25,335,25,335,25,335,25,335,25
335,335,25,335,25,3722630,25,335,25,335,25,335,25,335,25
335,335,25,334,25,3723034,25,335,25,334,25,335,25,335,25
335,335,25,334,25,3723438,25,335,25,335,25,335,25,335,25
335,335,25,335,25,3723841,25,334,25,335,25,335,25,335,25
335,335,24,335,25,3724246,25,335,25,335,24,335,25,335,25
335,334,24,335,24,3724649,24,335,24,335,24,335,25,334,24
335,335,24,335,24,3725052,24,335,24,335,24,335,24,335,24
335,335,24,335,24,3725456,24,335,24,335,24,335,24,335,24
335,335,24,335,24,3725860,24,335,24,335,24,335,24,335,24
335,335,24,335,24,3726264,24,335,24,335,24,335,24,335,24
335,335,24,335,24,3726667,24,335,24,334,24,335,24,335,24
335,335,24,335,24,3727072,24,335,24,335,24,335,24,335,24
335,335,23,335,24,3727475,24,335,24,335,24,335,24,335,24
335,335,24,335,24,3727879,24,335,24,335,24,335,24,335,24
335,335,23,335,24,3728283,24,335,24,335,23,335,24,335,23
335,335,23,335,23,3728687,23,335,23,335,23,335,24,335,23
335,335,23,335,23,3729090,24,335,23,335,23,335,24,335,23
335,335,23,335,23,3729494,23,334,23,335,23,334,23,334,23
335,335,23,335,23,3729898,23,335,23,335,23,335,23,335,23
335,335,23,335,23,3730301,23,334,23,334,23,334,23,335,23
335,335,22,335,22,3730705,22,335,22,335,22,335,22,335,23
335,335,22,335,23,3731109,23,334,22,335,22,335,22,335,23
335,335,22,334,22,3731513,22,334,22,335,22,335,22,335,22
335,335,22,335,22,3731916,21,335,22,335,22,335,22,335,22
335,335,22,335,21,3732321,21,335,21,335,21,335,22,335,21
335,335,21,335,21,3732724,21,335,21,335,21,335,21,335,21
335,335,20,335,20,3733128,21,335,20,335,20,335,20,335,20
335,335,20,335,20,3733532,20,335,20,335,20,335,20,335,20
335,335,20,335,20,3733936,20,335,20,335,20,334,20,335,20
335,335,19,335,19,3734339,19,335,19,335,19,335,19,335,19
335,335,19,335,19,3734743,19,334,19,334,19,335,19,335,19
335,335,19,335,19,3735147,19,335,19,335,19,335,19,335,19
335,335,19,335,19,3735550,19,335,19,335,19,335,19,334,19
335,335,19,335,19,3735954,19,335,19,335,19,335,18,334,19
335,335,18,335,19,3736358,18,334,19,335,19,335,19,334,18
335,335,18,335,19,3736762,18,334,18,335,18,335,18,335,18
335,335,18,335,18,3737165,18,335,18,335,18,335,18,335,18
335,335,18,335,18,3737570,18,335,18,334,18,335,18,335,18
335,335,18,335,18,3737973,18,335,18,335,18,335,18,335,18
335,335,18,335,18,3738377,18,335,18,335,18,335,18,335,18
335,335,18,335,18,3738780,18,335,18,335,18,335,18,335,18
335,335,18,335,18,3739185,18,335,18,335,18,335,18,335,18
335,335,18,335,18,3739588,18,335,18,335,18,335,18,335,18
335,335,18,335,18,3739992,18,335,18,335,18,335,18,335,18
335,335,18,335,18,3740396,18,335,18,335,18,335,18,335,18
335,335,18,335,18,3740800,18,335,18,335,18,335,18,335,18
335,335,18,335,18,3741203,18,335,18,335,18,335,18,335,18
335,335,18,335,18,3741607,18,335,18,335,18,335,18,335,18
335,335,18,335,18,3742011,18,334,18,335,18,335,18,335,18
335,335,18,335,18,3742414,18,335,18,335,18,335,18,335,18
335,335,18,335,18,3742818,18,335,19,335,18,335,18,335,19
335,335,18,335,19,3743222,19,335,19,335,19,335,19,335,19
335,335,19,335,19,3743626,19,335,19,335,19,335,19,335,19
335,335,19,335,19,3744029,19,335,20,335,19,334,19,335,20
335,335,20,335,20,3744434,20,335,20,335,20,335,20,335,20
335,335,20,335,20,3744837,20,335,20,334,20,335,20,335,20
335,335,21,334,21,3745241,21,335,21,335,21,335,21,335,21
335,335,21,335,21,3745645,21,334,21,335,22,335,21,335,21
335,335,22,335,22,3746049,22,335,22,334,22,335,22,335,22
335,335,22,335,22,3746452,22,334,22,335,22,335,22,335,22
335,335,23,335,23,3746855,23,335,23,335,23,335,23,335,23
335,335,23,335,23,3747260,24,335,23,335,24,335,23,335,23
335,335,24,335,24,3747663,24,335,24,335,24,335,25,335,24
335,335,25,335,25,3748067,25,334,25,335,25,335,25,335,25
335,335,26,335,26,3748471,26,334,26,335,26,335,25,335,26
335,335,26,335,26,3748875,26,335,26,335,26,335,26,335,26
335,335,27,335,27,3749278,27,334,27,334,27,335,27,335,27
335,335,28,335,28,3749683,28,335,28,335,28,335,28,335,28
335,335,28,335,28,3750086,29,335,28,335,28,335,29,335,28
335,335,29,335,29,3750490,29,335,29,335,29,335,29,335,29
335,335,29,335,30,3750894,29,335,29,335,30,335,29,335,30
335,335,30,335,30,3751298,30,335,30,335,30,335,30,335,30
335,335,30,335,30,3751701,30,335,30,335,30,335,30,335,30
335,335,30,335,30,3752104,30,335,30,335,30,335,30,335,30
335,335,30,335,31,3752509,31,335,31,335,31,335,31,335,31
335,335,30,335,31,3752912,30,334,30,335,30,335,30,335,31
335,335,31,335,31,3753316,31,335,31,335,31,335,31,335,31
335,335,31,335,31,3753720,32,335,31,335,32,335,31,335,31
335,335,31,335,32,3754124,31,335,32,335,31,335,31,335,32
335,335,32,335,32,3754527,32,335,32,335,32,334,32,335,32
335,335,32,335,32,3754932,32,335,32,335,32,335,32,335,32
335,335,32,335,32,3755335,32,335,32,335,32,335,32,335,32
335,335,32,335,32,3755739,32,335,32,335,32,335,32,335,32
335,335,32,335,32,3756142,32,335,32,335,32,335,32,335,32
335,335,32,335,32,3756547,32,335,32,335,32,335,32,335,32
335,335,32,335,32,3756950,32,335,32,335,32,335,32,335,32
335,335,32,335,32,3757353,32,335,32,335,32,335,32,335,32
335,335,32,335,32,3757758,32,335,32,335,32,335,32,335,32
335,335,32,335,32,3758161,32,334,32,335,32,335,32,335,32
335,335,32,335,32,3758565,32,335,32,335,32,335,32,335,32
335,335,32,335,32,3758969,32,335,32,335,32,335,32,335,32
335,335,32,335,32,3759373,32,335,32,335,32,335,32,335,32
335,335,32,335,32,3759776,32,335,32,335,32,335,32,335,32
335,335,32,335,32,3760181,32,334,32,335,32,335,32,335,32
335,335,32,335,32,3760584,32,335,32,335,32,335,32,335,32
335,335,32,335,32,3760988,32,335,32,335,32,335,32,334,32
335,335,32,335,32,3761391,32,335,32,335,32,335,32,335,32
335,335,32,335,32,3761796,32,335,32,335,32,335,32,335,32
335,335,32,335,32,3762199,32,335,32,335,32,335,32,335,32
335,335,32,335,32,3762603,32,335,32,335,32,335,32,335,32
335,335,32,335,32,3763007,32,335,32,335,32,335,32,335,32
335,335,32,335,32,3763410,32,335,32,335,32,335,32,335,32
335,335,32,335,32,3763814,32,335,32,335,32,334,32,335,32
335,335,32,335,32,3764218,32,335,32,335,32,335,32,335,32
335,335,32,335,32,3764622,32,335,32,335,32,335,32,335,32
335,335,32,334,32,3765025,32,335,32,335,32,335,32,335,32
335,335,32,335,32,3765430,32,335,32,335,32,335,32,335,32
335,335,32,335,32,3765833,32,335,32,335,32,335,32,335,32
335,335,32,335,32,3766237,32,335,32,335,32,335,32,335,32
335,335,32,335,32,3766640,32,335,32,335,32,335,32,334,32
335,335,32,335,32,3767045,32,335,32,335,32,335,32,335,32
335,335,32,335,32,3767448,32,335,32,335,32,335,32,335,32
335,335,32,335,32,3767852,32,335,32,335,32,335,32,335,32
335,335,32,335,32,3768256,32,335,32,335,32,335,32,335,32
335,335,32,335,32,3768659,32,335,32,335,32,335,32,335,32
335,335,32,335,32,3769063,32,335,32,335,32,335,32,335,32
335,335,32,335,32,3769467,32,335,32,335,32,335,32,335,32
335,335,32,335,32,3769871,32,335,32,335,32,335,32,335,32
335,335,32,335,32,3770274,32,335,32,334,32,335,32,334,32
335,335,32,335,32,3770678,32,335,32,335,32,335,32,335,32
335,335,32,335,32,3771082,32,335,32,335,32,335,32,335,32
335,335,32,335,32,3771486,32,335,32,335,32,335,32,335,32
335,335,32,335,32,3771889,32,335,32,335,32,335,32,335,32
335,335,32,335,32,3772294,33,335,33,335,32,335,33,334,32
335,335,32,335,32,3772697,32,335,32,335,32,335,32,335,32
335,335,32,335,32,3773101,32,335,32,335,32,335,32,335,32
335,335,32,335,32,3773505,32,335,32,335,32,335,32,335,32
335,335,32,335,32,3773908,32,335,32,335,32,335,32,335,32
335,335,32,335,32,3774312,32,335,32,335,32,335,32,335,32
335,335,32,335,32,3774716,32,335,32,335,32,335,32,335,32
335,335,32,335,32,3775120,32,335,32,335,32,335,32,335,32
335,335,32,335,32,3775523,32,335,32,335,32,335,32,335,32
335,335,32,335,32,3775927,32,335,32,335,32,335,32,335,32
335,335,32,335,32,3776331,32,335,32,335,32,334,32,335,32
335,335,32,335,32,3776735,32,335,32,335,32,335,32,335,32
335,335,32,335,32,3777138,32,335,32,335,32,335,32,335,32
335,335,32,335,32,3777543,32,335,32,335,32,335,32,335,32
335,335,32,335,32,3777946,32,334,32,335,32,335,32,335,32
335,335,32,335,32,3778350,32,335,32,335,32,335,32,335,32
335,335,32,335,32,3778754,32,335,32,335,32,335,32,334,32
335,335,32,335,32,3779158,32,335,32,335,32,335,32,335,32
335,335,32,335,32,3779561,32,335,32,335,32,335,32,335,32
335,335,31,335,31,3779964,32,335,31,335,31,335,31,335,32
335,335,31,335,31,3780369,31,335,31,334,31,335,32,335,31
335,335,31,335,31,3780772,32,335,31,335,31,335,31,334,31
335,335,31,335,31,3781176,31,335,31,335,31,335,31,335,31
335,335,31,335,31,3781580,31,335,31,335,31,335,31,335,31
335,335,31,335,31,3781984,31,335,31,335,31,335,31,335,31
335,335,31,335,31,3782387,31,335,31,335,31,335,31,335,31
335,335,31,335,32,3782792,32,335,31,335,31,335,31,335,31
335,335,31,335,31,3783195,31,334,31,335,31,335,31,335,31
335,335,31,335,31,3783599,31,335,31,335,31,335,31,335,31
335,335,31,335,31,3784003,31,335,31,335,31,335,31,335,31
335,335,31,335,31,3784407,31,335,31,335,31,335,31,335,31
335,335,31,335,31,3784810,31,335,31,335,31,334,31,335,31
335,335,31,334,31,3785213,31,335,31,335,31,335,31,335,31
335,335,31,335,31,3785618,31,335,31,335,31,335,31,335,31
335,335,31,335,31,3786021,31,335,31,335,31,335,31,335,31
335,335,30,335,30,3786425,31,335,30,335,31,335,30,335,31
335,335,30,335,31,3786829,31,334,30,335,30,335,30,335,31
335,335,30,335,30,3787233,30,335,30,335,30,335,30,335,30
335,335,30,335,31,3787636,31,335,30,335,30,335,31,335,31
335,335,30,335,31,3788041,31,335,31,335,31,335,30,335,31
335,335,30,335,31,3788444,30,334,31,335,30,335,31,335,31
335,335,30,335,30,3788848,30,335,30,335,30,335,30,334,30
335,335,30,335,30,3789251,30,335,30,335,30,335,30,335,30
335,335,30,335,30,3789656,30,335,30,335,30,335,30,334,31
335,335,30,335,30,3790059,30,335,30,335,30,335,30,335,30
335,335,30,335,30,3790462,30,335,30,335,30,335,30,335,30
335,335,30,335,30,3790867,30,335,30,335,30,335,30,335,30
335,335,30,335,30,3791270,30,335,30,335,30,335,30,335,30
335,335,30,335,30,3791674,30,335,30,335,30,335,30,335,30
335,335,29,335,30,3792078,30,335,30,335,30,335,30,334,30
335,335,30,335,30,3792482,30,334,29,335,29,335,29,335,30
335,335,29,335,29,3792885,29,335,29,335,29,335,29,335,29
335,335,29,335,29,3793290,29,335,29,335,29,335,29,335,29
335,335,28,335,29,3793693,29,335,29,335,29,335,29,335,29
335,335,28,335,29,3794097,29,335,29,335,29,335,29,335,28
335,335,28,335,28,3794500,28,334,27,335,28,335,28,335,28
335,335,28,335,28,3794905,28,335,28,335,28,335,28,335,27
335,335,27,335,27,3795308,27,335,27,335,27,335,27,335,27
335,335,27,335,27,3795712,27,335,27,335,27,335,27,335,27
335,335,27,335,27,3796116,27,335,27,335,27,335,27,335,27
335,335,26,335,27,3796519,27,335,27,335,27,335,27,335,27
335,335,26,335,27,3796923,27,335,27,335,27,335,26,335,27
335,335,26,335,26,3797327,26,335,26,335,26,335,26,335,26
335,335,26,335,26,3797731,26,335,26,335,26,335,26,335,26
335,335,26,335,26,3798134,26,335,26,335,26,335,26,335,26
335,335,25,335,25,3798538,26,335,25,335,25,335,25,335,25
335,335,25,335,25,3798942,25,335,25,335,25,335,25,335,26
335,335,25,335,25,3799346,25,335,25,335,25,335,25,335,25
335,335,25,335,25,3799749,25,335,25,335,25,335,25,335,25
335,335,25,335,25,3800154,24,335,25,335,25,335,25,335,25
335,335,24,335,25,3800557,25,334,24,335,25,335,25,334,24
335,335,24,335,24,3800961,24,335,25,335,24,335,24,335,24
335,335,24,335,24,3801365,24,335,24,335,24,334,24,335,24
335,335,24,335,24,3801768,24,335,24,335,24,335,24,335,24
335,334,24,335,24,3802172,24,335,24,335,24,335,24,335,24
335,335,23,335,24,3802576,23,335,23,335,23,335,24,335,23
335,335,23,335,23,3802980,23,335,23,335,23,335,23,335,23
335,335,23,335,23,3803383,23,335,23,335,23,335,23,335,23
335,335,22,335,23,3803787,23,335,22,335,23,335,23,335,22
335,335,22,335,22,3804191,22,335,22,335,22,335,22,335,22
335,335,22,335,22,3804595,22,335,22,335,22,335,22,335,22
335,335,22,335,22,3804998,22,335,22,335,22,335,22,335,22
335,335,21,335,21,3805403,21,335,21,335,22,335,21,335,21
335,335,21,335,22,3805806,22,335,21,335,21,335,21,335,21
335,335,21,335,21,3806210,21,335,21,335,21,335,21,335,21
335,335,21,335,21,3806614,21,335,21,335,21,335,21,335,21
335,335,21,335,21,3807017,21,335,21,335,21,334,21,335,21
335,335,21,335,21,3807421,21,335,21,335,21,335,21,335,21
335,335,21,334,21,3807824,21,335,21,335,21,335,21,334,21
335,335,21,335,21,3808229,21,335,21,335,21,335,21,335,21
335,335,21,335,21,3808632,21,335,21,335,21,334,21,335,21
335,335,20,335,21,3809036,21,335,21,335,20,335,21,335,21
335,335,20,335,20,3809440,20,335,20,334,20,335,20,335,20
335,335,20,335,21,3809844,20,335,20,335,20,335,20,335,20
335,335,20,335,20,3810247,20,335,20,335,20,335,20,335,20
335,335,20,335,20,3810652,20,335,20,335,20,335,20,335,20
335,335,20,335,20,3811055,20,335,20,335,19,335,20,335,20
335,335,20,335,20,3811459,20,335,20,335,20,335,20,334,20
335,335,20,335,20,3811863,20,335,20,335,20,335,20,335,20
335,335,20,335,20,3812267,20,335,20,334,20,335,19,335,20
335,335,19,335,20,3812670,19,335,20,335,19,335,20,335,20
335,335,19,335,20,3813073,20,335,19,335,19,335,20,335,19
335,335,19,335,19,3813478,19,335,19,335,19,335,19,335,19
335,335,19,335,19,3813881,19,335,19,335,19,335,19,335,19
335,335,19,335,19,3814285,19,335,19,335,19,335,19,335,19
335,335,19,335,19,3814689,19,335,19,335,19,335,19,335,19
335,335,19,335,19,3815093,19,335,19,335,19,335,19,335,19
335,335,18,335,19,3815496,18,335,19,335,19,335,19,335,19
335,335,19,335,19,3815901,19,335,18,335,19,335,19,335,19
335,335,18,335,19,3816304,18,335,18,335,18,335,18,335,19
335,335,18,335,19,3816708,18,335,18,334,19,335,19,335,19
335,335,18,335,18,3817111,18,335,18,335,18,335,18,335,18
335,335,18,335,18,3817516,18,335,18,335,18,335,18,335,18
335,335,18,335,18,3817919,18,335,18,335,18,335,18,335,18
335,335,18,335,18,3818322,18,335,18,335,18,335,18,335,18
335,335,18,335,18,3818727,18,335,18,335,18,335,18,335,18
335,335,18,335,18,3819130,18,335,18,335,18,335,18,335,18
335,335,18,335,18,3819534,18,335,18,335,18,334,18,335,18
335,335,17,335,18,3819938,18,335,18,335,17,335,18,335,18
335,335,17,335,18,3820342,17,335,18,335,18,335,17,335,18
335,335,18,335,18,3820745,18,335,18,335,18,335,18,335,18
335,335,18,335,18,3821149,17,334,17,335,17,335,18,335,17
335,335,17,335,18,3821553,18,335,17,335,18,335,18,335,18
335,335,18,335,17,3821957,18,335,18,335,17,334,18,335,18
335,335,17,335,18,3822360,17,335,18,335,17,335,18,335,18
335,335,18,335,18,3822765,18,335,18,335,18,335,17,335,18
335,335,18,335,18,3823168,18,334,18,335,18,335,18,335,18
335,335,17,335,18,3823571,17,335,17,335,17,335,17,335,17
335,335,17,335,17,3823976,17,335,17,334,17,335,17,335,17
335,335,17,335,17,3824379,17,335,17,335,17,335,17,335,17
335,335,17,334,17,3824783,17,334,17,335,17,335,17,335,17
335,335,17,335,17,3825187,17,335,17,335,17,335,17,335,17
335,335,17,335,17,3825591,17,335,17,335,17,335,17,335,17
335,335,17,335,17,3825994,17,335,17,335,17,335,17,334,17
335,335,16,335,17,3826398,17,335,17,335,17,335,17,335,17
335,335,16,335,17,3826802,17,335,17,335,17,335,17,335,17
335,335,16,335,17,3827206,17,335,16,335,17,335,16,335,17
335,335,16,335,17,3827609,17,335,17,335,17,335,17,335,17
335,335,16,335,16,3828014,17,335,16,335,16,335,16,335,16
335,335,16,335,16,3828417,17,335,16,335,16,335,16,335,16
335,335,16,335,16,3828820,16,335,16,335,16,335,16,335,16
335,335,16,335,16,3829225,16,335,16,335,16,335,16,335,16
335,335,16,335,16,3829628,16,335,16,335,16,335,16,335,16
335,335,16,335,16,3830032,16,335,16,335,16,335,16,335,16
335,335,16,335,16,3830436,16,335,16,335,16,335,16,335,16
335,335,15,335,16,3830840,16,334,16,335,16,335,16,335,16
335,335,16,335,16,3831243,16,335,16,335,16,335,16,335,16
335,335,16,335,16,3831647,16,335,16,335,16,335,16,335,16
335,335,15,335,16,3832051,15,335,15,335,15,335,15,335,16
335,335,15,335,16,3832455,16,335,15,335,16,335,16,335,16
335,335,16,335,15,3832858,16,335,15,335,16,335,15,335,16
335,335,15,335,15,3833263,15,334,15,335,16,335,15,335,16
335,335,15,335,15,3833666,15,335,15,335,15,335,15,335,15
335,335,15,335,15,3834070,15,335,15,335,15,335,15,335,15
335,335,15,335,15,3834474,15,335,15,335,15,335,15,335,15
335,335,15,335,15,3834877,15,334,15,335,15,335,15,335,15
335,335,14,335,15,3835281,15,334,15,335,15,335,15,335,15
335,335,14,335,15,3835684,15,335,14,335,15,335,15,335,15
335,335,14,335,15,3836089,15,335,15,335,14,335,15,335,14
335,335,14,335,14,3836492,14,335,14,335,14,335,14,335,14
335,335,14,335,15,3836896,15,335,14,335,14,335,14,335,14
335,335,14,335,14,3837300,14,335,14,335,14,335,14,335,14
335,335,14,335,14,3837704,14,335,14,335,14,335,14,334,14
335,335,14,335,14,3838107,14,335,14,335,14,335,14,335,14
335,335,14,335,14,3838512,14,335,14,335,14,335,14,335,14
335,335,14,335,14,3838915,13,335,14,335,14,335,14,335,14
335,335,14,335,14,3839319,14,334,14,335,14,335,13,335,14
335,335,13,335,13,3839723,14,335,13,335,14,335,13,335,13
335,335,13,335,13,3840126,13,335,13,335,13,335,14,335,13
335,335,13,335,13,3840530,13,335,13,335,13,335,13,335,13
335,335,13,335,13,3840933,13,334,13,335,13,334,13,335,13
335,335,13,335,13,3841338,13,335,13,335,13,335,13,335,13
335,335,13,334,13,3841741,13,335,13,335,13,335,13,335,13
335,335,13,335,13,3842145,13,335,13,335,13,334,13,335,13
335,335,12,335,13,3842549,13,335,13,335,13,335,13,335,13
335,335,13,335,13,3842953,13,335,13,335,13,335,13,335,13
335,335,12,335,13,3843356,13,335,13,335,13,335,13,335,12
335,335,12,335,13,3843761,12,335,13,335,13,335,13,335,12
335,335,12,335,12,3844164,12,335,12,335,12,335,12,335,12
335,335,12,335,12,3844568,12,335,12,335,12,335,12,335,12
335,335,12,335,12,3844972,12,335,12,335,12,335,12,335,12
335,335,12,335,12,3845376,12,335,12,335,12,335,12,335,12
335,335,12,335,12,3845779,12,334,12,335,12,335,12,335,12
335,335,12,335,12,3846182,12,335,12,335,12,335,12,335,12
335,335,11,335,12,3846587,12,335,12,335,12,334,12,335,12
335,335,12,335,12,3846990,12,335,12,335,12,335,12,335,12
335,335,12,335,12,3847394,12,335,12,335,12,335,12,335,12
335,335,12,335,12,3847798,12,335,12,335,11,335,11,335,12
335,335,11,335,12,3848202,12,335,12,335,12,335,12,335,11
335,335,11,335,11,3848605,11,335,12,335,11,335,11,335,11
335,335,11,335,11,3849010,11,335,11,335,11,335,11,335,11
335,335,11,335,11,3849413,11,335,12,334,11,335,11,335,11
335,335,11,335,11,3849817,11,335,11,335,11,335,11,335,11
335,335,11,335,11,3850220,11,335,11,335,11,335,11,335,11
335,335,11,335,11,3850625,11,335,11,335,11,335,11,335,11
335,335,11,335,11,3851028,11,335,11,335,11,335,11,335,11
335,335,11,335,11,3851431,11,335,11,335,11,335,11,335,11
335,335,11,335,11,3851836,11,335,11,335,11,335,11,335,11
335,335,11,335,11,3852239,11,335,11,335,10,335,11,335,11
335,335,11,335,11,3852643,11,335,11,335,11,335,11,335,11
335,335,10,335,11,3853047,11,335,10,335,11,335,11,335,11
335,335,11,335,11,3853451,11,335,11,335,11,335,11,335,11
335,335,11,334,11,3853854,11,335,11,335,11,335,11,335,11
335,335,11,335,11,3854258,11,335,11,335,11,335,11,335,11
335,335,11,335,11,3854662,11,335,11,335,11,335,11,334,11
335,335,11,335,11,3855066,11,335,11,335,11,335,11,335,11
335,335,11,335,11,3855469,11,335,11,335,11,335,11,335,11
335,335,11,335,11,3855874,11,335,11,335,11,335,11,335,11
335,335,11,335,11,3856277,11,335,11,335,10,335,11,335,11
335,335,10,335,11,3856680,11,335,11,334,11,335,11,335,11
335,335,11,335,11,3857085,11,335,10,335,11,335,11,335,11
335,335,10,335,11,3857488,10,335,11,335,11,335,11,335,11
335,335,10,335,11,3857892,11,335,11,335,10,335,11,335,11
335,335,10,335,10,3858295,11,335,11,335,11,335,10,335,11
335,335,10,334,11,3858700,10,335,10,335,11,335,10,335,10
334,335,10,335,11,3859103,10,335,10,335,10,335,11,335,11
335,335,10,335,10,3859507,10,335,11,335,10,335,11,335,11
335,335,10,335,10,3859911,10,334,10,335,10,335,10,335,10
335,335,10,335,10,3860315,10,335,10,335,10,335,11,335,10
335,335,10,335,10,3860718,10,335,10,335,10,335,10,335,10
335,335,10,335,11,3861123,10,335,10,335,10,335,10,335,10
335,335,10,335,10,3861526,10,335,10,335,10,335,10,335,10
335,335,10,335,10,3861929,10,335,10,335,10,335,10,335,10
335,335,10,335,10,3862334,10,335,10,335,10,335,10,335,10
335,335,10,335,10,3862737,10,335,10,335,10,335,10,335,10
335,335,10,335,10,3863141,10,335,10,335,9,334,10,335,10
335,335,10,335,10,3863544,11,335,10,335,10,335,10,335,10
335,335,10,335,10,3863949,10,335,10,335,10,335,10,335,10
335,335,10,335,10,3864352,10,335,10,335,10,335,10,335,10
335,335,10,335,10,3864756,10,335,10,334,10,335,10,335,10
335,335,10,335,10,3865160,10,335,10,335,10,335,10,335,10
335,335,10,335,10,3865564,10,335,10,335,10,335,10,335,10
335,335,10,335,10,3865967,10,335,10,335,10,335,10,335,10
335,335,10,335,10,3866372,10,335,10,335,10,335,10,335,10
335,335,10,335,10,3866775,10,335,10,335,10,335,10,335,10
335,335,10,335,10,3867179,10,335,10,335,10,335,10,335,10
335,335,10,335,10,3867582,10,335,10,335,10,335,10,335,10
335,335,10,335,10,3867986,10,335,10,335,10,335,10,335,10
335,335,10,335,10,3868390,10,335,10,335,10,335,10,335,10
335,335,10,335,10,3868793,10,335,10,335,10,335,10,335,10
335,335,10,335,10,3869198,10,335,10,335,10,335,10,335,10
335,335,10,335,10,3869601,10,335,10,335,10,335,10,335,10
335,335,10,335,10,3870005,10,335,10,335,10,335,10,335,10
335,335,10,335,10,3870409,10,335,10,335,10,335,10,335,10
335,335,10,335,10,3870813,10,335,10,335,10,335,10,335,10
335,335,10,335,10,3871216,10,335,10,335,10,335,10,335,10
335,335,10,335,10,3871620,10,335,10,335,10,335,10,335,10
335,335,10,335,10,3872024,10,335,10,335,10,335,10,335,10
335,335,10,335,10,3872428,10,335,10,335,10,335,10,335,10
335,335,10,335,10,3872831,10,335,10,335,10,335,10,335,10
335,335,10,335,10,3873235,10,335,10,335,10,335,10,335,10
335,335,10,335,10,3873639,10,335,10,335,10,335,10,335,10
335,335,10,335,10,3874042,10,335,10,335,10,335,10,335,10
335,335,10,335,10,3874447,9,335,10,335,10,335,10,335,10
335,335,10,335,10,3874850,10,335,10,335,10,335,10,335,10
335,335,10,335,10,3875254,10,335,10,335,10,335,10,335,10
335,335,10,335,10,3875657,10,335,10,335,10,335,10,335,10
335,335,10,335,10,3876062,10,335,10,335,10,335,10,335,10
335,335,10,335,10,3876465,10,335,10,335,10,335,10,335,10
335,335,10,335,10,3876869,10,335,10,335,10,335,10,335,10
335,335,10,335,10,3877273,10,335,10,335,10,335,10,335,10
335,335,10,335,10,3877677,10,335,10,335,10,335,10,335,10
335,335,10,335,10,3878080,10,335,10,335,10,335,10,335,10
335,335,10,335,10,3878484,10,335,10,335,10,335,10,335,10
335,335,10,335,10,3878888,10,335,10,335,10,335,10,335,10
335,335,10,335,10,3879291,10,335,10,335,10,335,10,335,10
335,335,10,335,10,3879696,10,335,10,335,10,335,10,335,10
335,335,10,335,10,3880099,10,335,10,335,10,335,10,335,10
335,335,10,335,10,3880503,10,335,10,335,10,335,10,335,10
335,335,10,335,10,3880906,10,335,10,335,10,335,10,335,10
335,335,10,335,10,3881311,10,335,10,335,10,335,10,335,10
335,335,10,335,10,3881714,10,335,10,335,10,335,10,335,10
335,335,10,335,10,3882118,10,335,10,335,10,335,10,335,10
335,335,10,335,10,3882522,10,335,10,335,10,335,10,335,10
335,335,10,335,10,3882926,10,335,10,335,10,335,10,335,10
335,335,10,335,10,3883329,10,335,10,335,10,335,10,335,10
335,335,10,335,10,3883734,10,335,10,335,10,335,10,335,10
335,335,10,335,10,3884137,10,335,10,335,10,335,10,335,10
335,335,10,335,10,3884540,10,335,10,335,10,335,10,335,10
335,335,10,335,10,3884944,10,335,10,335,10,335,10,335,10
335,335,10,335,10,3885348,10,335,10,335,10,335,10,335,10
335,335,10,335,10,3885752,10,335,10,335,10,335,10,335,10
335,335,10,334,10,3886155,10,335,10,335,10,335,10,335,10
335,335,10,335,10,3886560,10,335,10,335,10,335,10,335,10
335,335,10,335,10,3886963,10,335,10,335,10,335,10,335,10
335,335,10,335,10,3887367,10,335,10,335,10,335,10,335,10
335,335,10,335,10,3887771,10,335,10,335,10,335,10,335,10
335,335,10,335,10,3888175,10,335,10,335,10,335,10,335,10
335,335,10,335,10,3888578,10,335,10,335,10,335,10,335,10
335,335,10,335,10,3888982,10,335,10,335,10,335,10,335,10
335,335,10,335,10,3889386,10,335,10,335,10,335,10,335,10
335,335,10,335,10,3889789,10,335,10,335,10,335,10,335,10
335,335,10,335,10,3890193,10,335,10,335,10,335,10,335,10
335,335,10,335,10,3890597,10,335,10,335,10,335,10,335,10
335,335,10,335,10,3891001,10,335,10,335,10,335,10,335,10
335,335,10,335,10,3891404,10,335,10,335,10,335,10,335,10
335,335,10,335,10,3891809,10,335,10,335,10,335,10,335,10
335,335,10,335,10,3892212,10,334,10,335,9,335,10,335,10
335,335,10,335,10,3892616,10,335,10,335,10,335,10,335,10
335,335,10,335,10,3893020,10,335,10,335,10,335,10,335,10
335,335,10,335,10,3893424,10,335,10,335,10,335,10,335,10
335,335,10,335,10,3893827,10,335,10,335,10,335,10,335,10
335,335,10,335,10,3894231,10,335,10,335,10,335,10,335,10
335,335,10,335,10,3894635,10,335,10,335,10,335,10,335,10
335,335,10,335,10,3895038,10,335,10,335,10,335,10,335,10
335,335,10,335,10,3895442,10,335,10,335,10,335,10,335,10
335,335,10,335,10,3895846,10,335,10,335,10,335,10,335,10
335,335,10,335,10,3896250,10,335,10,335,10,335,10,335,10
335,335,10,335,10,3896653,10,335,10,335,10,335,10,335,10
335,335,10,335,10,3897058,10,335,10,335,10,335,10,335,10
335,335,10,335,10,3897461,10,335,10,335,10,335,10,335,10
335,335,10,335,10,3897865,10,335,10,335,10,335,10,335,10
335,335,10,335,10,3898268,10,335,10,335,10,335,10,335,10
335,335,10,335,10,3898673,10,335,10,335,10,335,10,335,10
335,335,10,334,10,3899076,10,335,10,335,10,335,10,335,10
335,335,10,335,10,3899480,10,335,10,335,10,335,10,335,10
335,335,10,335,10,3899884,10,335,10,335,10,335,10,335,10
335,335,10,334,10,3900288,10,335,10,335,10,335,11,335,10
335,335,10,334,11,3900691,10,335,10,335,10,335,10,335,10
335,335,10,335,10,3901095,10,335,10,335,11,335,10,335,10
335,335,10,334,10,3901499,11,335,10,335,11,335,10,335,10
335,335,10,335,10,3901902,10,335,11,335,10,335,11,335,11
335,335,10,335,10,3902306,10,335,10,335,10,335,10,335,10
335,335,11,335,10,3902710,11,335,10,335,11,335,10,335,11
335,335,10,335,11,3903114,11,334,11,335,10,335,11,335,11
335,335,10,335,11,3903517,11,335,11,335,11,335,11,335,10
335,335,11,335,11,3903922,11,335,10,335,11,335,11,335,10
335,335,11,335,11,3904325,11,335,11,335,11,335,11,335,11
335,335,11,335,11,3904729,10,335,11,335,11,335,11,335,11
335,335,11,335,11,3905133,11,335,11,335,11,335,11,335,11
335,335,11,335,11,3905537,11,335,11,335,11,335,11,335,11
335,335,11,335,11,3905940,11,335,11,335,11,335,11,335,11
335,335,11,335,11,3906344,11,335,11,335,11,335,11,335,11
335,335,11,335,11,3906748,11,335,11,335,11,335,11,335,11
335,335,11,335,11,3907151,11,335,11,335,11,335,11,335,11
335,335,11,335,11,3907555,11,335,11,335,11,335,11,335,11
335,335,11,335,11,3907959,11,335,11,335,11,335,11,335,11
335,335,11,335,11,3908363,11,335,11,335,11,335,11,335,11
335,335,11,335,11,3908766,11,335,11,335,11,335,11,334,11
335,335,11,335,11,3909171,11,335,11,335,11,335,11,335,11
335,335,11,335,11,3909574,11,335,11,335,11,335,11,335,11
335,335,11,335,11,3909978,11,335,11,335,11,335,11,335,11
335,335,11,335,11,3910382,11,335,11,335,11,335,11,335,12
335,335,11,335,11,3910786,11,335,11,335,11,335,11,335,11
335,335,11,335,11,3911189,11,335,11,335,12,335,11,335,11
335,335,11,335,11,3911592,11,335,11,335,12,335,11,335,11
335,335,11,335,12,3911997,11,335,11,335,11,335,12,335,11
335,335,11,335,11,3912400,11,335,11,335,11,335,12,335,12
335,335,11,335,12,3912804,12,335,11,335,11,335,11,335,12
335,335,11,335,12,3913208,11,335,11,335,11,335,12,335,12
335,335,11,335,12,3913612,12,335,12,335,12,335,12,334,12
335,335,12,335,12,3914015,11,335,12,335,12,335,12,335,12
335,335,11,335,12,3914420,12,335,12,335,12,335,12,335,12
335,335,12,335,12,3914823,12,335,12,335,12,335,12,335,12
335,335,12,335,12,3915227,12,335,12,335,12,335,12,335,12
335,335,12,334,12,3915631,12,335,12,335,12,335,12,335,12
335,335,12,335,12,3916035,12,335,12,335,12,335,12,335,12
335,335,12,335,12,3916438,12,335,12,335,12,335,12,335,12
335,335,12,335,12,3916841,12,335,12,335,12,335,12,335,12
335,335,12,335,12,3917246,12,335,12,335,12,335,12,335,12
335,335,12,335,12,3917649,12,335,12,335,12,335,12,335,12
335,335,12,335,12,3918053,12,335,12,335,12,335,12,335,12
335,335,12,335,12,3918457,12,335,12,335,12,335,12,335,12
335,335,12,335,12,3918861,12,335,13,335,12,335,12,335,12
335,335,12,334,12,3919264,12,335,13,335,12,335,12,335,12
335,335,12,335,12,3919669,13,335,13,335,13,335,12,335,12
335,335,12,335,13,3920072,13,335,13,335,12,335,13,335,12
335,335,12,335,12,3920476,13,335,13,335,13,335,12,335,13
335,335,13,335,13,3920879,13,335,13,335,13,335,13,335,13
335,335,12,335,13,3921284,13,335,13,335,13,335,13,335,13
335,335,13,335,13,3921687,13,335,13,335,13,335,13,335,13
335,335,12,335,13,3922091,13,335,13,335,13,335,13,335,13
335,335,13,335,13,3922495,13,335,13,335,13,335,13,335,13
335,335,13,335,13,3922898,13,335,13,335,13,335,13,335,13
335,335,13,335,13,3923302,13,335,13,335,13,335,13,335,13
335,335,13,335,13,3923706,13,335,13,335,13,335,13,335,13
335,335,13,335,13,3924110,14,335,13,335,13,335,13,335,13
335,335,13,335,13,3924513,14,335,14,335,13,335,13,335,13
335,335,13,335,13,3924917,14,335,13,335,13,335,13,335,14
335,335,14,335,14,3925321,13,335,14,335,14,335,13,335,13
335,335,13,335,13,3925725,14,335,13,335,13,334,14,335,14
335,335,14,335,14,3926128,13,335,14,335,14,335,14,335,14
335,335,14,335,14,3926533,14,335,14,335,14,335,14,335,14
335,335,14,335,14,3926936,14,335,14,335,14,335,14,335,14
335,335,14,335,14,3927340,14,335,14,335,14,335,14,335,14
335,335,14,335,14,3927744,15,335,14,335,14,335,14,335,14
335,335,14,335,14,3928147,15,335,15,335,14,335,14,335,14
335,335,14,335,15,3928551,14,335,15,335,14,335,15,335,14
335,335,15,334,15,3928954,15,335,14,335,15,335,15,335,15
335,335,15,335,15,3929359,15,335,15,335,15,335,15,335,15
335,335,14,335,15,3929762,15,334,15,335,15,335,15,335,15
335,335,15,335,15,3930166,15,335,15,335,15,335,15,335,15
335,335,15,335,15,3930570,15,335,15,335,15,335,16,335,15
335,335,15,335,16,3930974,15,335,15,335,15,335,15,335,15
335,335,15,335,15,3931377,15,335,16,335,15,335,15,335,15
335,335,15,335,15,3931782,16,335,15,335,15,335,15,335,15
335,335,15,335,15,3932185,15,334,15,335,16,335,15,335,16
335,335,16,335,16,3932589,16,335,16,335,16,335,16,335,16
335,335,16,335,16,3932993,16,335,16,335,16,335,16,335,16
335,335,16,335,16,3933396,16,335,16,335,16,335,16,335,16
335,335,16,335,16,3933800,16,335,16,335,16,335,16,335,16
335,335,16,335,16,3934203,16,335,16,335,16,335,16,335,16
335,335,16,335,16,3934608,17,335,16,335,16,335,16,335,16
335,335,16,335,16,3935011,16,335,16,335,16,335,16,335,16
335,335,16,335,16,3935415,16,335,16,335,16,335,16,335,16
335,335,16,335,16,3935819,17,335,16,335,16,335,16,335,16
335,335,17,335,17,3936223,17,335,17,335,17,335,17,335,17
335,335,17,335,17,3936626,17,335,16,335,17,335,17,335,17
335,335,17,335,17,3937031,17,335,17,335,17,335,17,335,17
335,335,17,335,17,3937434,17,335,17,335,17,335,17,335,17
335,335,17,335,17,3937838,17,335,17,335,17,335,17,335,17
335,335,17,335,17,3938241,17,335,17,335,17,335,17,335,17
335,335,17,335,17,3938646,17,335,17,335,17,335,17,335,17
335,335,17,335,17,3939049,17,335,17,335,17,335,17,335,17
335,335,17,335,17,3939452,17,335,17,335,17,335,17,335,17
335,335,17,335,17,3939857,17,335,17,335,17,335,17,335,17
335,335,17,335,17,3940260,17,335,17,335,17,335,17,334,17
335,335,17,335,17,3940664,17,335,17,335,17,335,18,335,17
335,335,17,335,17,3941068,17,335,17,335,17,335,18,335,17
335,335,18,335,17,3941472,17,335,18,335,17,335,18,335,17
335,335,17,335,18,3941875,18,335,18,335,17,335,18,335,17
335,335,18,335,18,3942280,18,335,18,335,18,335,18,335,18
335,335,18,335,18,3942683,18,335,18,335,18,335,17,335,18
335,335,18,335,18,3943087,18,334,18,335,18,335,18,335,18
335,335,17,335,18,3943490,18,335,18,335,18,335,18,335,18
335,335,18,335,18,3943895,18,335,18,335,18,335,18,335,18
335,335,18,335,18,3944298,18,335,18,335,18,335,18,335,18
335,335,18,335,18,3944701,18,335,18,335,18,335,18,335,18
335,335,18,335,18,3945106,18,335,18,335,18,335,18,335,18
335,335,18,335,18,3945509,18,335,18,335,18,335,18,335,18
335,335,18,335,18,3945913,18,335,18,335,18,335,18,335,18
335,335,17,335,18,3946317,18,335,18,335,18,335,18,335,18
335,335,18,335,18,3946721,18,335,18,335,18,334,18,335,18
335,335,18,335,18,3947124,18,335,18,335,18,335,18,335,18
335,335,18,335,18,3947528,18,335,18,335,18,335,18,335,18
335,335,18,335,18,3947932,18,335,18,335,18,335,18,335,18
335,335,18,335,18,3948336,18,335,18,335,18,335,18,335,18
335,335,18,335,18,3948739,18,335,18,335,18,335,18,335,18
335,335,18,335,18,3949144,18,335,18,335,18,335,18,335,18
335,335,18,335,18,3949547,18,335,18,335,18,335,18,335,18
335,335,18,335,18,3949950,18,335,18,335,18,335,18,335,18
335,335,18,335,18,3950355,18,334,18,335,18,335,18,334,18
335,335,18,335,18,3950758,18,335,18,335,18,335,18,335,18
335,335,18,335,18,3951162,18,335,18,335,18,335,18,335,18
335,335,18,335,18,3951566,18,335,18,335,18,335,18,335,18
335,335,18,335,18,3951970,18,335,18,335,18,335,18,335,18
335,335,18,335,18,3952373,18,335,18,335,18,335,18,335,18
335,335,18,335,18,3952777,18,335,18,335,18,335,18,335,18
335,335,18,335,18,3953181,18,335,18,335,18,335,18,335,18
335,335,18,335,18,3953585,18,335,18,335,18,335,18,335,18
335,335,18,335,18,3953988,18,335,18,335,18,335,18,335,18
335,335,18,335,18,3954393,18,335,18,335,18,335,18,335,18
335,335,18,335,18,3954796,18,335,18,335,18,335,18,335,18
335,335,18,335,18,3955200,18,335,18,335,18,335,18,335,18
335,335,18,335,18,3955604,18,334,18,335,18,335,18,335,18
335,335,18,335,18,3956007,18,335,18,335,18,335,18,335,18
335,335,18,335,18,3956411,18,335,18,335,18,335,18,335,18
335,335,18,335,18,3956814,18,335,18,335,18,335,18,335,18
335,335,18,335,18,3957219,18,335,18,335,18,335,18,335,18
335,335,18,335,18,3957622,18,335,18,335,18,335,18,335,18
335,335,18,335,18,3958026,18,335,18,335,18,335,18,335,18
335,335,18,335,18,3958430,18,335,18,335,17,335,18,334,18
335,335,18,335,18,3958834,17,335,18,335,18,335,18,335,18
335,335,17,335,18,3959237,18,335,18,335,18,335,18,335,18
335,335,18,335,17,3959642,18,335,18,335,17,335,18,334,18
335,335,17,335,18,3960045,18,334,17,335,18,335,18,335,18
335,335,17,335,18,3960449,18,335,18,335,18,335,17,335,18
335,335,17,335,17,3960852,18,335,18,335,18,335,18,335,17
335,335,18,335,18,3961256,17,335,17,335,17,335,17,335,17
335,335,17,335,17,3961660,17,335,18,335,17,335,18,335,17
335,335,17,335,17,3962063,18,335,17,335,17,335,17,335,17
335,335,18,335,17,3962468,18,335,18,335,17,335,17,335,18
335,335,17,335,17,3962871,17,335,17,335,17,335,17,335,17
335,335,17,335,17,3963275,18,335,17,335,18,335,17,335,17
335,335,17,335,18,3963679,17,335,17,335,18,335,17,335,17
335,335,17,335,17,3964083,17,335,17,335,17,335,18,335,17
335,335,17,335,17,3964486,17,335,18,335,17,335,17,335,17
335,335,17,335,17,3964890,17,335,17,335,17,335,17,335,17
335,335,17,335,17,3965294,17,335,17,335,17,335,17,335,17
335,335,17,335,17,3965698,17,335,17,335,17,335,17,335,17
335,335,17,335,17,3966101,17,335,17,335,17,335,17,335,17
335,335,17,335,17,3966505,17,335,17,335,17,335,17,335,17
335,335,17,335,17,3966909,17,335,17,335,17,335,17,335,17
335,335,17,335,17,3967312,17,335,17,335,17,335,17,335,17
335,335,17,335,17,3967717,17,335,17,335,17,335,17,335,17
335,335,17,335,17,3968120,17,335,17,335,17,335,17,335,17
335,335,16,335,16,3968524,17,335,17,335,16,335,17,335,17
335,335,16,335,17,3968928,17,335,16,335,16,335,16,335,17
335,335,17,335,17,3969332,16,335,17,335,16,334,16,335,17
335,335,16,335,17,3969735,17,335,17,335,17,335,17,335,17
335,335,16,335,16,3970139,16,335,17,335,17,335,16,335,16
335,335,16,335,17,3970543,16,335,16,335,16,335,16,335,16
335,335,16,335,17,3970947,16,335,16,335,17,335,16,335,16
335,335,16,335,16,3971350,16,335,16,335,16,335,16,335,16
335,335,16,335,16,3971755,16,335,16,335,16,334,16,335,16
335,335,16,335,16,3972158,16,335,16,335,16,335,16,335,16
335,335,16,335,16,3972561,16,335,16,335,16,335,16,335,16
335,335,16,335,16,3972966,16,335,16,335,16,335,16,335,16
335,335,16,335,15,3973369,16,335,16,335,16,335,16,335,16
335,335,16,335,16,3973773,16,334,16,335,16,335,16,335,16
335,335,16,335,16,3974176,16,335,16,335,16,335,16,334,16
335,335,15,335,16,3974581,15,335,16,335,15,335,16,335,16
335,335,15,335,16,3974984,16,335,16,335,16,335,15,335,16
335,335,16,335,15,3975388,16,335,16,335,16,335,16,335,16
335,335,15,335,16,3975792,16,334,16,335,16,335,16,335,15
335,335,15,335,16,3976196,15,335,15,335,15,335,15,335,16
335,335,15,335,15,3976599,15,335,15,335,16,335,15,335,15
335,335,15,335,15,3977004,16,335,15,335,15,335,15,335,16
335,335,15,335,15,3977407,15,334,16,335,16,335,15,335,15
335,335,15,335,15,3977810,15,335,15,335,15,335,15,335,15
335,335,15,335,15,3978215,15,335,15,335,15,335,16,335,15
335,335,15,335,15,3978618,16,335,15,335,15,335,16,335,15
335,335,15,335,15,3979022,15,335,15,335,15,335,15,335,15
335,335,15,335,15,3979425,15,335,15,334,15,335,15,335,15
335,335,15,335,15,3979830,15,335,15,335,15,335,15,335,15
335,335,15,335,15,3980233,15,335,15,335,15,335,15,335,15
335,335,15,335,15,3980637,15,335,15,335,15,335,15,335,15
335,335,15,335,15,3981041,15,335,15,335,15,335,15,335,15
335,335,15,335,15,3981445,15,335,15,335,15,335,15,335,15
335,335,15,335,15,3981848,15,335,15,335,15,335,15,335,15
335,335,15,335,15,3982253,15,335,15,335,15,335,15,335,15
335,335,15,335,15,3982656,15,335,15,335,15,335,15,335,15
335,335,15,335,15,3983059,15,335,15,335,15,335,15,335,15
335,335,15,335,15,3983463,15,335,15,335,15,335,15,335,15
335,335,15,335,15,3983867,15,335,15,335,15,335,15,335,15
335,335,15,335,15,3984271,15,335,15,335,15,335,15,335,15
335,335,15,335,15,3984674,15,335,15,335,15,335,15,335,15
335,335,15,335,15,3985079,15,335,15,335,15,335,15,334,15
335,335,15,335,15,3985482,15,335,15,335,15,335,15,335,15
335,335,15,334,15,3985886,15,335,15,335,15,334,15,335,15
335,335,15,335,15,3986290,15,335,15,335,15,335,15,335,15
335,335,15,335,15,3986694,15,335,15,335,15,335,15,335,15
335,335,15,335,15,3987097,15,335,15,335,15,335,15,335,15
335,335,15,335,15,3987501,15,335,15,335,15,335,15,335,15
335,335,15,335,15,3987905,15,335,15,335,15,335,15,335,15
335,335,15,335,15,3988308,15,335,15,335,15,335,15,335,15
335,335,14,335,15,3988712,15,335,15,335,15,335,15,335,15
335,335,15,335,15,3989116,15,335,15,335,15,335,15,335,15
335,335,15,335,15,3989520,15,335,15,335,15,335,15,335,15
335,335,15,335,15,3989923,15,335,15,335,15,335,15,335,15
335,335,15,335,15,3990328,15,335,15,335,15,335,15,335,15
335,335,15,335,15,3990731,15,335,15,335,15,335,15,335,15
335,335,15,335,15,3991135,15,335,15,335,15,335,15,335,15
335,335,15,335,15,3991539,15,335,15,335,15,335,15,335,15
335,335,15,335,15,3991943,14,335,15,335,15,335,15,335,15
335,335,15,335,15,3992346,15,335,15,335,15,335,14,335,15
335,335,14,335,15,3992750,14,335,15,335,14,335,14,335,15
335,335,14,335,14,3993154,14,335,14,335,14,335,14,335,15
335,335,15,335,15,3993558,15,335,15,335,15,335,15,335,14
335,335,14,335,14,3993961,14,335,14,334,14,335,14,335,14
335,335,14,335,14,3994365,14,335,14,335,14,335,14,335,14
335,335,14,335,15,3994769,14,334,14,335,15,335,14,335,14
335,335,14,335,14,3995172,14,335,14,335,14,335,14,335,14
335,335,14,335,14,3995577,14,335,14,335,14,335,14,335,14
335,335,14,335,14,3995980,14,335,15,335,14,335,15,335,14
335,335,14,335,14,3996384,14,334,14,335,14,335,14,335,14
335,335,14,335,14,3996788,15,335,14,335,14,335,14,335,14
335,335,14,335,15,3997192,14,335,14,335,14,335,14,335,14
335,335,14,335,14,3997595,14,335,14,335,14,335,14,335,14
335,335,14,335,14,3997999,14,335,14,335,14,335,14,335,14
335,335,14,335,14,3998403,14,334,14,335,14,335,14,335,14
335,335,14,335,14,3998807,14,335,14,335,14,335,14,335,14
335,335,14,335,14,3999210,14,335,14,335,14,335,14,335,14
335,335,14,335,14,3999614,14,334,14,335,14,335,14,334,14
335,335,14,335,14,4000018,14,335,14,335,14,335,14,335,14
335,335,14,335,14,4000421,14,335,14,335,14,335,14,335,14
335,335,14,335,14,4000826,14,335,14,334,14,335,14,335,14
335,335,14,335,14,4001229,14,335,14,335,14,335,14,335,14
335,335,14,335,14,4001633,14,335,14,335,14,335,14,335,14
335,335,13,335,14,4002037,14,335,14,335,14,335,14,335,14
335,335,13,335,14,4002441,13,335,14,335,14,335,14,335,14
335,335,14,335,14,4002844,14,335,14,335,14,335,14,335,14
335,335,13,335,14,4003248,13,335,14,335,14,335,14,335,14
335,335,14,335,14,4003652,14,335,13,335,14,335,14,335,14
335,335,14,335,14,4004056,13,335,14,335,14,335,14,335,13
335,335,13,335,13,4004459,14,335,14,335,13,335,13,335,14
335,335,13,335,14,4004864,14,335,14,335,14,335,14,335,13
335,335,14,335,14,4005267,14,335,14,335,14,335,14,335,14
335,335,13,335,14,4005670,13,335,14,335,13,335,13,335,13
335,335,13,335,13,4006075,14,335,14,335,13,335,13,335,14
335,335,13,335,14,4006478,13,335,13,335,14,335,13,335,13
335,335,14,335,13,4006882,13,335,13,335,13,335,13,335,14
335,335,13,335,13,4007285,13,335,13,335,13,335,13,335,13
335,335,13,335,13,4007690,13,335,13,335,13,335,13,335,13
335,335,13,335,13,4008093,13,335,13,335,13,335,13,335,13
335,335,13,335,13,4008497,13,335,13,335,13,335,13,335,13
335,335,13,335,13,4008901,13,335,13,335,13,335,13,335,13
335,335,13,334,13,4009305,13,334,13,335,13,335,13,335,13
335,335,13,335,13,4009708,13,335,13,335,13,335,13,335,13
335,335,13,335,13,4010113,13,335,13,335,13,334,13,335,13
335,335,13,335,13,4010516,13,335,13,335,13,335,13,335,13
335,335,13,335,13,4010919,13,335,13,335,13,335,13,335,13
335,335,13,335,13,4011323,13,335,13,335,13,335,13,335,13
335,335,13,335,13,4011727,13,335,13,335,13,335,13,335,13
335,335,13,335,13,4012131,13,335,13,335,13,335,13,335,13
335,335,13,334,13,4012534,13,335,13,335,13,335,13,335,13
335,335,13,335,13,4012939,13,334,13,335,13,335,13,335,13
335,335,13,335,13,4013342,13,335,13,335,13,335,13,335,13
335,335,13,335,13,4013746,13,335,13,335,13,335,13,335,13
335,335,13,335,13,4014150,13,335,13,335,13,335,13,335,13
335,335,12,334,12,4014554,13,335,13,335,13,335,13,335,13
335,335,13,335,13,4014957,13,335,13,335,12,335,13,335,12
335,335,12,335,13,4015361,12,335,13,335,13,335,12,335,13
335,335,13,335,13,4015765,13,335,13,335,13,335,12,335,13
335,335,12,335,13,4016168,13,335,12,335,13,335,12,335,12
335,335,12,335,13,4016572,13,334,13,335,12,335,13,335,13
335,335,12,335,12,4016976,12,335,12,335,12,335,12,335,12
335,335,12,335,12,4017380,12,335,12,335,13,335,12,335,13
335,335,12,335,12,4017783,12,335,12,335,12,335,12,335,12
335,335,12,335,12,4018188,12,335,12,335,12,335,13,335,12
335,335,12,335,12,4018591,12,335,12,335,13,335,12,335,12
335,335,12,335,12,4018995,12,335,13,335,12,335,12,335,12
335,335,12,335,12,4019399,12,335,12,335,12,335,12,335,12
335,335,12,335,12,4019803,12,335,12,335,12,335,12,335,12
335,335,12,335,12,4020206,12,335,12,335,12,335,12,335,12
335,335,12,335,12,4020610,12,335,12,335,12,335,12,335,12
335,335,12,335,12,4021014,12,335,12,335,12,335,12,335,12
335,335,12,335,12,4021417,12,335,12,335,12,335,12,335,12
335,335,12,335,12,4021821,12,335,12,335,12,335,12,335,12
335,335,12,335,12,4022225,12,335,12,335,12,335,12,334,12
335,335,12,335,12,4022629,12,335,12,335,12,335,12,335,12
335,335,12,335,12,4023032,12,335,12,335,12,335,12,335,12
335,335,12,335,12,4023437,12,335,12,335,12,335,12,335,12
335,335,12,335,12,4023840,12,335,12,335,11,335,12,335,12
335,335,12,335,12,4024244,12,335,12,335,12,335,12,335,12
335,335,12,335,12,4024647,12,335,12,335,12,335,12,335,12
335,335,12,335,12,4025052,12,335,12,335,12,335,12,335,12
335,335,12,335,12,4025455,12,335,12,335,12,335,12,335,12
335,335,12,335,12,4025859,12,335,12,335,12,335,12,335,12
335,335,12,335,12,4026263,12,335,12,335,12,335,12,335,12
335,335,12,335,12,4026667,12,334,12,335,12,335,12,335,12
335,335,12,335,12,4027070,11,335,11,335,12,335,12,335,12
